ts,open,high,low,close,volume
1784841840000,566.8,567.1,566.8,567.1,1398
1784842020000,567,567,566.8,566.9,2685
1784842200000,567,567.1,566.9,567,2212
1784842380000,567,567.1,566.9,566.9,398
1784842560000,566.9,567,566.4,566.6,3042
1784842740000,566.6,566.6,566.5,566.5,1959
1784842920000,566.5,566.6,566.4,566.5,3981
1784843100000,566.5,566.6,566.5,566.6,619
1784843280000,566.6,566.6,566.5,566.5,947
1784843460000,566.6,566.7,566.5,566.5,6802
1784843640000,566.5,567,566.4,567,5616
1784843820000,567,567,566.7,566.9,6174
1784844000000,566.9,566.9,566.5,566.7,5214
1784844180000,566.8,566.9,566.6,566.7,4620
1784844360000,566.7,567,566.7,567,11432
1784844540000,566.9,567,566.4,566.4,3625
1784844720000,566.4,566.4,566.1,566.1,6545
1784844900000,566.2,566.3,565.7,565.7,28679
1784845080000,565.8,566.3,565.7,566.3,10226
1784845260000,566.4,566.6,566.4,566.5,2490
1784845440000,566.6,566.8,566.6,566.6,1577
1784845620000,566.6,566.7,566.6,566.7,460
1784845800000,566.7,566.9,566.6,566.8,3220
1784845980000,566.8,566.9,566.8,566.8,31
1784846160000,566.8,566.9,566.7,566.8,955
1784846340000,566.9,566.9,566.7,566.7,309
1784846520000,566.7,567.1,566.7,567.1,1573
1784846700000,567.1,567.2,567.1,567.1,671
1784846880000,567.1,567.1,567,567,1685
1784847060000,567,567.1,567,567.1,794
1784847240000,567.1,567.3,567.1,567.3,2071
1784847420000,567.4,567.5,567.4,567.5,619
1784847600000,567.6,567.8,567.5,567.7,7974
1784847780000,567.7,567.7,567.5,567.6,1454
1784847960000,567.5,567.6,567.5,567.6,498
1784848140000,567.5,567.6,567.5,567.6,333
1784848320000,567.5,567.7,567.4,567.6,11565
1784848500000,567.7,567.7,567.6,567.7,383
1784848680000,567.6,567.7,567.6,567.7,121
1784848860000,567.8,567.9,567.8,567.8,515
1784849040000,567.9,567.9,567.5,567.5,1689
1784849220000,567.5,567.6,567.4,567.4,98
1784849400000,567.4,567.5,567.3,567.3,911
1784849580000,567.2,567.5,567.2,567.5,2515
1784849760000,567.6,567.6,567.5,567.5,6
1784849940000,567.5,567.6,567,567.4,2641
1784850120000,567.4,567.4,567.3,567.4,2009
1784850300000,567.4,567.5,567.4,567.4,1161
1784850480000,567.4,567.4,567.2,567.2,5180
1784850660000,567.2,567.2,566.8,566.9,2192
1784850840000,567,567,566.7,566.7,3103
1784851020000,566.8,567,566.8,566.9,5258
1784851200000,566.9,567.1,566.7,567.1,7286
1784851380000,567.1,567.1,566.4,566.4,12996
1784851560000,566.5,567,566.4,566.6,11047
1784851740000,566.6,566.7,566.3,566.3,22024
1784851920000,566.3,566.9,566.3,566.9,2807
1784852100000,566.9,567,566.8,566.9,1012
1784852280000,566.8,567.3,566.8,567,3228
1784852460000,567,567.6,567,567.5,1156
1784852640000,567.6,567.6,567.2,567.3,5788
1784852820000,567.3,567.4,566.8,566.9,6181
1784853000000,566.9,567,566,566,31829
1784853180000,566,566.8,565.5,566.8,8955
1784853360000,566.9,567.2,566.5,566.5,7373
1784853540000,566.5,566.8,566.2,566.2,6856
1784853720000,566.2,566.8,566.2,566.7,4488
1784853900000,566.7,567.3,566.7,567.3,3956
1784854080000,567.2,567.2,567.1,567.2,1431
1784854260000,567.3,567.3,567.2,567.2,96
1784854440000,567.2,567.2,567,567.2,2999
1784854620000,567.2,567.5,567.2,567.5,7159
1784854800000,567.4,567.7,567.3,567.7,2667
1784854980000,567.6,568.2,567.5,568.1,9481
1784855160000,568,568.1,567.8,567.8,7064
1784855340000,567.7,567.9,567.5,567.6,4479
1784855520000,567.5,567.6,567.3,567.4,15912
1784855700000,567.3,567.6,567.2,567.3,4120
1784855880000,567.3,567.5,567.3,567.4,6329
1784856060000,567.3,567.3,567,567,1430
1784856240000,567,567.6,567,567.6,9696
1784856420000,567.6,567.9,567.2,567.2,5245
1784856600000,567.2,567.3,567,567.1,11536
1784856780000,567.1,567.8,567.1,567.5,6629
1784856960000,567.6,567.9,567.6,567.8,96
1784857140000,567.8,568,567.7,568,3223
1784857320000,568,568.2,567.9,567.9,1466
1784857500000,567.9,568,567.8,568,2048
1784857680000,568.1,568.1,567.7,567.7,4692
1784857860000,567.6,567.8,567.6,567.7,535
1784858040000,567.8,567.8,567.7,567.7,1408
1784858220000,567.6,567.7,567.6,567.6,1467
1784858400000,567.6,567.6,567.3,567.6,1861
1784858580000,567.6,567.6,567.2,567.3,2621
1784858760000,567.3,567.6,567.2,567.6,9805
1784858940000,567.6,567.8,567.5,567.8,3068
1784859120000,567.8,568.1,567.8,568,4942
1784859300000,568,568,567.5,567.7,2485
1784859480000,567.6,567.7,567.6,567.7,192
1784859660000,567.7,567.7,567.3,567.6,4808
1784859840000,567.6,568.1,567.5,568.1,4175
1784860020000,568,568.1,567.7,567.9,7593
1784860200000,567.8,567.9,567.5,567.5,591
1784860380000,567.5,567.5,566.4,566.7,25916
1784860560000,566.6,566.9,566.6,566.9,1101
1784860740000,566.9,567.4,566.9,567.2,1898
1784860920000,567.3,567.4,567.2,567.4,457
1784861100000,567.5,567.5,566.5,566.5,2878
1784861280000,566.5,566.5,566.1,566.3,27921
1784861460000,566.4,566.6,566.3,566.4,3933
1784861640000,566.4,566.7,566.2,566.6,1933
1784861820000,566.7,567,566.7,567,1036
1784862000000,566.9,567.2,566.6,567.2,3661
1784862180000,567.3,567.9,567.3,567.9,32356
1784862360000,568,568.4,567.6,568.4,26030
1784862540000,568.3,568.6,568.3,568.6,3389
1784862720000,568.6,568.8,568.6,568.8,7028
1784862900000,568.9,569.7,568.8,569.6,14449
1784863080000,569.6,569.9,569.5,569.8,11682
1784863260000,569.8,570,569.3,569.7,15059
1784863440000,569.6,570,569.6,570,514
1784863620000,569.9,570.2,569.8,569.8,13503
1784863800000,569.8,569.9,569.7,569.7,7238
1784863980000,569.7,569.8,569.4,569.4,3449
1784864160000,569.3,569.4,569.2,569.3,688
1784864340000,569.2,569.3,569.2,569.3,577
1784864520000,569.2,569.4,569.2,569.3,4057
1784864700000,569.4,569.5,569.2,569.2,5690
1784864880000,569.2,569.7,569.2,569.6,3609
1784865060000,569.6,569.6,569.2,569.2,9684
1784865240000,569.2,569.2,568.7,568.9,31410
1784865420000,568.8,568.9,568.8,568.8,285
1784865600000,568.9,568.9,568.6,568.7,4903
1784865780000,568.8,568.8,568.6,568.7,6656
1784865960000,568.7,568.7,568.5,568.5,3929
1784866140000,568.5,568.5,568.2,568.3,9402
1784866320000,568.4,568.5,568.3,568.5,13538
1784866500000,568.5,568.5,568.4,568.4,517
1784866680000,568.4,568.4,568.1,568.1,5441
1784866860000,568.1,568.7,568,568.7,2544
1784867040000,568.7,568.7,568.3,568.3,701
1784867220000,568.3,568.4,568.3,568.3,85
1784867400000,568.3,568.3,568.1,568.2,1929
1784867580000,568.3,568.5,568.1,568.1,1429
1784867760000,568.2,568.2,567.9,568,1581
1784867940000,567.9,568,567.6,567.6,688
1784868120000,567.6,567.6,567.4,567.6,5306
1784868300000,567.6,567.6,567.5,567.5,479
1784868480000,567.6,567.6,567.3,567.3,1345
1784868660000,567.4,567.4,567.2,567.2,2416
1784868840000,567.1,567.3,566.9,566.9,30280
1784869020000,566.8,566.8,566.7,566.8,3679
1784869200000,566.9,567,566.5,566.5,15183
1784869380000,566.6,566.8,566.4,566.6,6358
1784869560000,566.6,567.5,566.6,567.4,32944
1784869740000,567.4,567.5,567,567,11215
1784869920000,567,567.3,567,567.2,4807
1784870100000,567.2,567.4,567.2,567.3,4221
1784870280000,567.4,567.5,567.3,567.3,3804
1784870460000,567.3,567.3,567.1,567.2,12038
1784870640000,567.1,567.2,566.9,567.1,6744
1784870820000,567.2,567.2,567.1,567.1,2362
1784871000000,567.2,567.2,566.8,566.8,5895
1784871180000,566.8,567,566.8,566.9,10521
1784871360000,566.9,566.9,566.7,566.7,1439
1784871540000,566.7,566.8,566.6,566.6,199
1784871720000,566.6,567.2,566.5,567.2,6318
1784871900000,567.3,567.4,567.3,567.3,1596
1784872080000,567.4,567.5,567,567,2275
1784872260000,567,567,566.9,566.9,12790
1784872440000,566.9,567.2,566.9,567.1,4223
1784872620000,567.1,567.2,567.1,567.1,474
1784872800000,567.1,567.4,567.1,567.4,30380
1784872980000,567.4,568.1,567.4,567.5,124747
1784873160000,567.5,567.7,567.3,567.7,12596
1784873340000,567.8,568,567.7,567.9,1195
1784873520000,567.9,568,567.8,568,6130
1784873700000,568,568.1,568,568,248
1784873880000,568,569,568,568.6,45018
1784874060000,568.6,568.7,568.3,568.3,7012
1784874240000,568.3,568.5,568.2,568.3,6801
1784874420000,568.2,568.3,568,568.2,53327
1784874600000,568.2,568.3,567.9,568.1,4554
1784874780000,568.1,568.4,568.1,568.3,3946
1784874960000,568.3,568.6,568.3,568.6,14195
1784875140000,568.5,568.6,568.3,568.3,9427
1784875320000,568.3,568.5,568.1,568.1,44396
1784875500000,568,568.2,568,568.2,4784
1784875680000,568.1,568.1,568,568.1,3968
1784875860000,568,568.1,568,568,206
1784876040000,568,568.2,568,568.1,535
1784876220000,568.1,568.2,568.1,568.2,4756
1784876400000,568.3,569.2,568.3,569.2,13920
1784876580000,569.2,569.2,568.8,568.9,10803
1784876760000,568.9,569.2,568.9,569.2,7474
1784876940000,569.2,571,569.2,570.7,81194
1784877120000,570.7,571.1,570.6,570.7,36459
1784877300000,570.7,570.9,570.3,570.5,12470
1784877480000,570.4,570.6,570.3,570.3,9292
1784877660000,570.4,570.9,570.2,570.2,15592
1784877840000,570.3,570.4,570.1,570.2,8266
1784878020000,570.3,570.3,569.9,570,1751
1784878200000,570,570.2,569.7,570.1,8683
1784878380000,570.1,570.2,569.4,569.4,17979
1784878560000,569.5,569.5,568.9,569.5,42811
1784878740000,569.4,569.5,568.8,568.9,6824
1784878920000,568.9,568.9,568.4,568.7,16453
1784879100000,568.7,568.9,568.4,568.9,39052
1784879280000,568.9,569.1,568.8,569,3329
1784879460000,569,569,568.8,568.9,4712
1784879640000,568.9,569.1,568.9,569.1,7343
1784879820000,569,569.2,569,569.1,8155
1784880000000,569.2,569.3,569,569,12073
1784880180000,569,569,568.8,568.9,9098
1784880360000,568.9,569.1,568.7,569,15029
1784880540000,569,569.1,568.6,568.6,12465
1784880720000,568.6,568.6,568.4,568.5,19614
1784880900000,568.5,568.5,568.3,568.4,5929
1784881080000,568.4,568.5,567.9,568.1,19480
1784881260000,568.1,568.3,568.1,568.1,12189
1784881440000,568.1,568.1,567.8,568,7353
1784881620000,568,568.2,568,568.1,7414
1784881800000,568.1,568.5,568.1,568.5,2836
1784881980000,568.5,568.7,568.5,568.5,3655
1784882160000,568.4,568.6,568.3,568.6,447
1784882340000,568.6,568.7,568.6,568.6,12605
1784882520000,568.6,568.7,568.4,568.4,2129
1784882700000,568.5,568.7,568.5,568.5,4225
1784882880000,568.5,568.5,568.4,568.4,901
1784883060000,568.3,568.3,567.9,567.9,3275
1784883240000,568,568,567.9,567.9,3241
1784883420000,567.9,568,567.9,568,449
1784883600000,568,568,567.8,567.8,9142
1784883780000,567.7,567.8,567,567,13328
1784883960000,567,567.3,566.9,567.2,17379
1784884140000,567.2,567.3,566.9,566.9,10520
1784884320000,566.9,567,566.7,566.7,12182
1784884500000,566.7,566.8,565.9,566.4,67634
1784884680000,566.4,566.5,566.3,566.4,11036
1784884860000,566.4,566.5,566.1,566.5,10426
1784885040000,566.5,566.7,566.4,566.6,9126
1784885220000,566.6,566.6,566.4,566.5,14662
1784885400000,566.5,566.8,566.4,566.7,5729
1784885580000,566.6,566.8,566.5,566.6,5671
1784885760000,566.7,566.8,566.7,566.8,12975
1784885940000,566.8,567.5,566.8,567.4,4939
1784886120000,567.4,567.7,567.4,567.7,11437
1784886300000,567.7,568,567.6,567.8,6428
1784886480000,567.8,567.9,567.7,567.8,3213
1784886660000,567.7,567.9,567.7,567.9,361
1784886840000,567.9,567.9,567.8,567.8,400
1784887020000,567.8,568,567.8,568,936
1784887200000,568,568.3,568,568.1,5503
1784887380000,568.2,568.3,568,568.1,8478
1784887560000,568.1,568.2,568,568,6640
1784887740000,568,568.1,567.7,567.7,10300
1784887920000,567.7,567.7,567.3,567.4,5226
1784888100000,567.4,567.5,567,567,7640
1784888280000,566.9,566.9,566.8,566.8,3262
1784888460000,566.9,567.2,566.9,567.1,2624
1784888640000,567.1,567.3,567,567.3,4279
1784888820000,567.2,567.3,567.1,567.1,413
1784889000000,567.2,567.3,567.1,567.2,10159
1784889180000,567.1,567.2,566.7,566.9,5270
1784889360000,566.9,567,566.9,567,2614
1784889540000,566.9,567.1,566.8,567.1,11799
1784889720000,567.1,567.1,566.8,566.8,1301
1784889900000,566.9,566.9,566.8,566.9,5202
1784890080000,567,567,566.9,566.9,667
1784890260000,566.9,566.9,566.5,566.6,5291
1784890440000,566.5,566.5,566.4,566.5,3867
1784890620000,566.4,566.6,566.4,566.6,4680
1784890800000,566.6,566.7,566.3,566.3,13199
1784890980000,566.4,566.4,565.9,566.2,81221
1784891160000,566.2,566.3,566,566,1641
1784891340000,565.9,565.9,565.6,565.6,16087
1784891520000,565.6,565.9,565.6,565.6,4353
1784891700000,565.7,566,565.6,565.8,15289
1784891880000,565.8,565.9,565.7,565.7,10342
1784892060000,565.8,565.9,565.7,565.7,2932
1784892240000,565.8,565.8,565.6,565.6,8397
1784892420000,565.7,565.9,565.7,565.9,2714
1784892600000,565.8,565.9,565.4,565.7,9079
1784892780000,565.7,565.8,565.4,565.4,5395
1784892960000,565.4,565.5,565.4,565.4,1224
1784893140000,565.5,565.7,565.4,565.6,7957
1784893320000,565.6,565.7,565.4,565.5,2254
1784893500000,565.4,565.4,564.7,565,77452
1784893680000,565,565.3,564.6,565.3,154897
1784893860000,565.2,565.4,565.2,565.4,5797
1784894040000,565.5,565.9,565.5,565.5,19758
1784894220000,565.5,566.5,565.4,566.5,33905
1784894400000,566.5,566.5,565.5,565.5,26287
1784894580000,565.5,565.5,565.4,565.4,840
1784894760000,565.4,565.7,565.4,565.7,8038
1784894940000,565.7,566.2,565.7,566.2,12573
1784895120000,566.1,566.1,565.8,566,8274
1784895300000,565.9,565.9,565.7,565.7,26161
1784895480000,565.7,565.7,565.5,565.5,2233
1784895660000,565.5,565.8,565.5,565.8,2220
1784895840000,565.9,566,565.5,566,20508
1784896020000,565.9,566.1,565.7,565.9,18105
1784896200000,565.9,566.1,565.8,566.1,1411
1784896380000,566.2,566.2,565.5,565.6,2258
1784896560000,565.6,565.7,565.4,565.7,4467
1784896740000,565.7,565.7,565.4,565.4,3934
1784896920000,565.3,565.3,565,565,13754
1784897100000,565,565,564.1,564.3,35317
1784897280000,564.3,564.5,564.1,564.5,13498
1784897460000,564.5,564.7,564.3,564.3,11377
1784897640000,564.3,564.3,563.1,563.5,51867
1784897820000,563.4,563.4,562.4,563.4,45620
1784898000000,563.3,563.4,563,563.2,18686
1784898180000,563.2,563.2,561.5,562.1,192957
1784898360000,562,562.3,559,560.2,359523
1784898540000,560.2,560.6,560,560.5,55074
1784898720000,560.6,560.6,560,560.2,18915
1784898900000,560.2,561.2,560,561.2,42780
1784899080000,561.1,561.7,561,561.7,8441
1784899260000,561.7,561.8,561.1,561.4,11731
1784899440000,561.4,561.4,560.5,560.8,15535
1784899620000,560.8,560.9,560.6,560.7,9178
1784899800000,560.7,561,560.4,560.5,42370
1784899980000,560.5,561,560.5,560.6,24447
1784900160000,560.6,560.9,560.1,560.1,12881
1784900340000,560,560.1,559.5,559.8,163033
1784900520000,559.8,560.8,559.6,560.7,31695
1784900700000,560.8,561,560.6,560.6,12911
1784900880000,560.6,560.7,559.4,559.9,75527
1784901060000,559.8,559.8,556.6,557.1,181973
1784901240000,557.2,557.3,555.7,557.2,230684
1784901420000,557.2,558.4,556.9,558.4,22795
1784901600000,558.5,558.8,558.1,558.4,58273
1784901780000,558.3,558.4,557.8,558.4,23099
1784901960000,558.4,558.7,557.8,558.7,20445
1784902140000,558.6,558.8,558.4,558.4,18131
1784902320000,558.4,558.5,557.5,557.5,20477
1784902500000,557.4,557.7,557.1,557.2,72585
1784902680000,557.1,557.2,556.1,556.7,23710
1784902860000,556.6,557.3,556.6,556.8,37186
1784903040000,556.8,557.4,556.6,557.4,14325
1784903220000,557.3,558.1,557.3,558,58762
1784903400000,558,558.2,557.7,558.1,25722
1784903580000,558,558.4,558,558.4,14042
1784903760000,558.3,558.9,558.3,558.6,54482
1784903940000,558.6,558.7,558,558.4,15526
1784904120000,558.3,558.4,558,558,4327
1784904300000,558,558.5,557.8,558,34221
1784904480000,558,559.4,558,559.4,15040
1784904660000,559.3,559.7,559,559.6,32113
1784904840000,559.6,560,559.4,559.9,13383
1784905020000,559.9,560.4,559.9,560.4,20081
1784905200000,560.4,560.4,559.8,559.8,59789
1784905380000,559.8,560,559.4,559.6,23788
1784905560000,559.6,559.6,559.2,559.4,17726
1784905740000,559.3,560.8,559.1,560.1,23565
1784905920000,560.1,561.4,560.1,561.4,13397
1784906100000,561.4,561.8,561,561.1,31041
1784906280000,561,561.1,560.5,561,8981
1784906460000,560.9,561.4,560.8,561.3,34476
1784906640000,561.2,561.3,561,561.1,30752
1784906820000,561,561.4,561,561.1,11413
1784907000000,561,561.3,560.8,561.3,42324
1784907180000,561.2,562,561.2,561.8,33127
1784907360000,561.8,562.1,561.6,562.1,9745
1784907540000,562,562.5,562,562.1,26008
1784907720000,562.1,562.3,562.1,562.1,6854
1784907900000,562.1,562.2,561.8,561.8,12255
1784908080000,561.8,561.9,561.5,561.9,17417
1784908260000,561.8,561.9,561.1,561.3,14581
1784908440000,561.2,561.7,561.1,561.6,9653
1784908620000,561.6,561.7,561.1,561.1,7664
1784908800000,561.1,561.1,560.6,560.6,12611
1784908980000,560.6,561.4,560.6,561.3,9840
1784909160000,561.3,561.6,561.1,561.4,15847
1784909340000,561.4,561.6,561.2,561.2,13480
1784909520000,561.2,561.3,560.8,560.9,9212
1784909700000,560.9,561.1,560.6,560.8,14585
1784909880000,560.8,561.6,560.8,561.5,7802
1784910060000,561.6,561.6,561.1,561.5,12006
1784910240000,561.5,561.7,561.4,561.4,2124
1784910420000,561.3,561.3,561.1,561.3,2283
1784910600000,561.3,561.3,560.6,560.6,24790
1784910780000,560.6,560.7,560.4,560.4,11919
1784910960000,560.4,560.5,560.1,560.3,6466
1784911140000,560.2,560.2,559.8,560,11357
1784911320000,559.9,560,559.9,560,6507
1784911500000,559.9,560.1,559.6,559.6,16748
1784911680000,559.6,559.9,559.5,559.9,6355
1784911860000,559.8,559.9,559.8,559.8,1705
1784912040000,559.8,560.1,559.8,560.1,2640
1784912220000,560,560.4,560,560.1,6154
1784912400000,560.1,560.5,560.1,560.3,2775
1784912580000,560.3,560.5,560.2,560.5,812
1784912760000,560.4,560.4,559.9,560.1,42674
1784912940000,560.2,560.4,560.2,560.2,33964
1784913120000,560.3,560.3,560,560.1,10030
1784913300000,560,560.4,560,560.4,2600
1784913480000,560.4,560.9,560.4,560.8,1101
1784913660000,560.8,561,560.7,560.7,11407
1784913840000,560.6,561.2,560.6,561.2,10330
1784914020000,561.2,561.6,561.2,561.5,2477
1784914200000,561.6,561.8,561.5,561.8,2315
1784914380000,561.8,562.4,561.8,562.3,2980
1784914560000,562.3,562.3,561.8,561.8,9663
1784914740000,561.8,561.8,561.6,561.7,1304
1784914920000,561.8,562,561.8,561.9,2489
1784915100000,561.9,562.1,561.8,561.8,5171
1784915280000,561.9,561.9,561.8,561.9,1111
1784915460000,561.9,561.9,561.8,561.9,1779
1784915640000,561.9,562.1,561.9,562.1,5974
1784915820000,562.1,562.1,562,562,3446
1784916000000,561.9,562.2,561.9,562.1,3532
1784916180000,562.1,562.1,561.8,562.1,6819
1784916360000,562.1,562.2,561.9,562.1,2200
1784916540000,562.1,562.1,561.8,561.9,15727
1784916720000,561.9,562.1,561.8,562.1,2448
1784916900000,562.1,562.1,561.6,561.7,6583
1784917080000,561.6,561.6,561.2,561.3,1025
1784917260000,561.3,561.4,561.2,561.2,2513
1784917440000,561.1,561.3,561,561,13916
1784917620000,561,561.1,560.9,561.1,2831
1784917800000,561.1,561.2,561,561.2,1388
1784917980000,561.2,561.2,561,561.1,6583
1784918160000,561.1,561.5,561.1,561.5,1117
1784918340000,561.4,561.5,561.2,561.2,15719
1784918520000,561.1,561.3,561.1,561.3,1339
1784918700000,561.3,561.9,561.3,561.9,1371
1784918880000,562,562,561.9,562,725
1784919060000,562,562.4,562,562.4,3052
1784919240000,562.4,562.4,562,562.1,7145
1784919420000,562.1,562.2,561.9,561.9,6208
1784919600000,561.9,566,561.8,564.6,489016
1784919780000,564.7,564.9,564.5,564.6,52063
1784919960000,564.6,564.7,564.1,564.6,13674
1784920140000,564.6,564.8,564,564,198096
1784920320000,564,564.4,564,564.3,5519
1784920500000,564.3,565.4,564.3,564.7,51276
1784920680000,564.7,564.8,564.5,564.7,16757
1784920860000,564.7,564.9,564.6,564.7,3971
1784921040000,564.7,564.7,564.3,564.5,2674
1784921220000,564.5,564.9,564.5,564.8,2278
1784921400000,564.9,565.1,564.8,565,7692
1784921580000,565,565.1,564.8,564.8,3057
1784921760000,564.9,564.9,564.6,564.9,1663
1784921940000,564.9,565,564.8,564.9,2673
1784922120000,564.9,564.9,564.8,564.9,2132
1784922300000,565,565,564.7,564.7,9787
1784922480000,564.8,565,564.7,564.7,3492
1784922660000,564.6,564.8,564.5,564.8,3128
1784922840000,564.8,565.1,564.7,564.9,12077
1784923020000,564.8,564.9,564.7,564.9,7586
1784923200000,564.9,565.3,564.7,565.1,15882
1784923380000,565.1,565.3,565,565,6619
1784923560000,565,565.2,565,565,3054
1784923740000,564.9,565.1,564.7,565,6056
1784923920000,565,565.2,564.9,565.1,6460
1784924100000,565,565.1,565,565,1630
1784924280000,564.9,565,564.8,564.9,2768
1784924460000,564.9,565.2,564.8,565.2,1250
1784924640000,565.1,565.2,565,565.2,2933
1784924820000,565.1,565.1,564.8,564.8,849
1784925000000,564.8,564.9,564.4,564.8,4950
1784925180000,564.7,564.8,564.7,564.8,2107
1784925360000,564.8,564.9,564.7,564.7,5453
1784925540000,564.7,565.1,564.5,565,5186
1784925720000,565,565,564.6,564.8,42192
1784925900000,564.9,564.9,564.5,564.5,1149
1784926080000,564.5,564.6,564.5,564.6,2790
1784926260000,564.5,564.7,564.5,564.6,8831
1784926440000,564.6,565,564.6,564.7,45194
1784926620000,564.7,564.8,564.6,564.6,383
1784926800000,564.6,564.9,564.6,564.8,3966
1784926980000,564.8,564.9,564.8,564.9,3320
1784927160000,564.8,564.9,564.2,564.3,23262
1784927340000,564.3,564.4,564,564.1,36573
1784927520000,564,564.1,563.7,564.1,44459
1784927700000,564.1,564.5,564.1,564.5,10777
1784927880000,564.4,564.5,564.2,564.2,1752
1784928060000,564.2,564.3,564.1,564.3,6035
1784928240000,564.2,564.6,564.2,564.6,3283
1784928420000,564.6,564.6,564.2,564.3,3062
1784928600000,564.3,564.4,564.2,564.3,1988
1784928780000,564.2,564.6,564.1,564.4,5860
1784928960000,564.4,564.5,564,564.1,499
1784929140000,564.1,564.2,563.7,563.9,11588
1784929320000,563.9,564,563.6,564,11951
1784929500000,564,564.3,563.8,563.9,2244
1784929680000,563.9,564.1,563.9,564.1,3030
1784929860000,564,564.1,563.8,563.9,6908
1784930040000,563.9,563.9,563.4,563.4,5558
1784930220000,563.5,563.7,563.2,563.4,5001
1784930400000,563.4,564.7,563.4,564.2,50118
1784930580000,564.3,564.4,564,564,13246
1784930760000,563.9,564.3,563.9,563.9,6005
1784930940000,563.9,564.2,563.9,564.2,5124
1784931120000,564.1,564.2,563.8,563.8,8027
1784931300000,563.8,563.9,563.8,563.9,3062
1784931480000,563.8,563.9,563.8,563.9,5698
1784931660000,563.8,564,563.8,564,2583
1784931840000,563.9,564.2,563.9,564.2,1527
1784932020000,564.1,564.4,564.1,564.4,2843
1784932200000,564.4,564.7,564.3,564.7,6102
1784932380000,564.6,564.9,564.6,564.8,4731
1784932560000,564.7,564.8,564.7,564.8,172
1784932740000,564.7,564.9,564.6,564.8,9684
1784932920000,564.7,564.8,564.6,564.6,423
1784933100000,564.6,564.7,564.6,564.6,844
1784933280000,564.5,564.7,564.5,564.6,3308
1784933460000,564.6,564.7,564.6,564.7,122
1784933640000,564.6,564.7,564.6,564.7,1129
1784933820000,564.6,564.7,564.5,564.6,4468
1784934000000,564.6,564.8,564.6,564.8,1133
1784934180000,564.7,564.9,564.6,564.7,3635
1784934360000,564.6,564.7,564.6,564.7,687
1784934540000,564.7,564.7,564.6,564.6,2215
1784934720000,564.6,564.7,564.4,564.4,16659
1784934900000,564.5,564.6,564.4,564.5,2860
1784935080000,564.6,564.6,564.5,564.6,920
1784935260000,564.6,564.8,564.5,564.8,4955
1784935440000,564.8,564.8,564.5,564.6,2800
1784935620000,564.6,564.6,564.5,564.6,7293
1784935800000,564.6,564.7,564.5,564.7,7039
1784935980000,564.7,564.9,564.5,564.6,5810
1784936160000,564.6,564.6,563.9,564,6472
1784936340000,563.9,564.2,563.9,564.2,19912
1784936520000,564.2,564.3,564.1,564.3,1466
1784936700000,564.2,564.3,564.2,564.2,2114
1784936880000,564.3,564.3,564.2,564.3,1919
1784937060000,564.3,564.5,564.3,564.4,1686
1784937240000,564.4,564.5,564.4,564.4,132
1784937420000,564.4,564.6,564.4,564.6,1904
1784937600000,564.6,564.6,564.3,564.4,3616
1784937780000,564.4,564.7,564.4,564.6,9132
1784937960000,564.6,564.7,564.3,564.3,13542
1784938140000,564.3,564.4,563.9,563.9,31887
1784938320000,564,564.3,563.8,564.3,12229
1784938500000,564.3,564.3,564.2,564.3,388
1784938680000,564.3,564.5,564.3,564.5,3990
1784938860000,564.4,564.5,564.4,564.5,666
1784939040000,564.5,564.6,564.5,564.6,4547
1784939220000,564.6,564.8,564.6,564.8,11792
1784939400000,564.8,564.9,564.7,564.8,2233
1784939580000,564.8,564.8,564.6,564.6,2377
1784939760000,564.6,564.8,564.6,564.7,7820
1784939940000,564.8,564.8,564.5,564.5,6385
1784940120000,564.6,564.6,564.3,564.5,25834
1784940300000,564.5,564.9,564.4,564.7,12413
1784940480000,564.7,564.7,564.6,564.7,3115
1784940660000,564.6,564.7,564.6,564.6,797
1784940840000,564.5,564.6,564.5,564.6,5740
1784941020000,564.5,564.7,564.5,564.6,1243
1784941200000,564.7,565.1,564.7,565.1,17249
1784941380000,565,565.1,564.9,564.9,14392
1784941560000,564.9,565,564.5,564.6,13303
1784941740000,564.6,564.6,564.2,564.3,16743
1784941920000,564.3,564.6,564.2,564.4,45337
1784942100000,564.4,564.4,564.1,564.2,5010
1784942280000,564.2,564.2,563.9,563.9,7428
1784942460000,563.9,563.9,563.8,563.8,5497
1784942640000,563.9,563.9,563.8,563.9,897
1784942820000,563.9,564.1,563.8,564.1,8790
1784943000000,564.1,564.1,563.8,564,3801
1784943180000,564.1,564.6,564,564.6,5861
1784943360000,564.6,564.6,564.4,564.4,4588
1784943540000,564.5,564.6,564.4,564.5,15756
1784943720000,564.6,564.8,564.6,564.8,4119
1784943900000,564.7,564.8,564.7,564.7,4010
1784944080000,564.8,564.8,564.5,564.5,1123
1784944260000,564.6,564.6,564.4,564.6,18579
1784944440000,564.6,564.6,564.5,564.6,448
1784944620000,564.6,564.7,564.4,564.7,13656
1784944800000,564.7,564.7,564.4,564.5,14588
1784944980000,564.5,564.5,564.4,564.5,1066
1784945160000,564.5,564.7,564.4,564.7,1949
1784945340000,564.6,564.7,564.6,564.7,21
1784945520000,564.7,564.7,564.5,564.5,2690
1784945700000,564.6,564.6,564.3,564.3,6938
1784945880000,564.3,564.5,564.2,564.4,5152
1784946060000,564.5,564.7,564.5,564.7,3780
1784946240000,564.7,565.1,564.7,565.1,3302
1784946420000,565,565.1,565,565.1,5491
1784946600000,565.2,565.3,565,565,7392
1784946780000,565,565.2,565,565.1,662
1784946960000,565.1,565.1,565.1,565.1,1454
1784947140000,565,565.3,565,565.2,5872
1784947320000,565.2,565.5,565.2,565.5,9642
1784947500000,565.6,565.6,565.4,565.4,6520
1784947680000,565.4,565.5,565.3,565.3,2198
1784947860000,565.2,565.4,565.2,565.4,4492
1784948040000,565.5,565.5,565.4,565.4,4304
1784948220000,565.5,565.7,565.4,565.7,14524
1784948400000,565.7,565.9,565.6,565.8,20812
1784948580000,565.8,566,565.7,565.7,8286
1784948760000,565.7,565.7,565.6,565.6,546
1784948940000,565.7,565.7,565.2,565.3,6656
1784949120000,565.2,565.4,565.1,565.1,14568
1784949300000,565.1,565.2,565.1,565.1,537
1784949480000,565,565,564.7,564.9,21139
1784949660000,564.9,564.9,564.8,564.8,2326
1784949840000,564.8,564.9,564.8,564.9,300
1784950020000,564.9,564.9,564.8,564.8,491
1784950200000,564.7,564.7,564.6,564.7,2107
1784950380000,564.6,564.8,564.6,564.8,5657
1784950560000,564.8,564.9,564.8,564.9,3041
1784950740000,564.9,565.1,564.9,565,4563
1784950920000,565,565.1,565,565,1597
1784951100000,565.1,565.1,565,565.1,85
1784951280000,565.1,565.1,564.9,565,33194
1784951460000,564.9,565.2,564.9,565.2,521
1784951640000,565.2,565.2,565,565.1,8432
1784951820000,565.1,565.1,565,565,1762
1784952000000,564.9,565,564.9,565,245
1784952180000,565,565.1,564.9,564.9,3283
1784952360000,565,565,564.9,564.9,8502
1784952540000,564.8,564.9,564.8,564.8,176
1784952720000,564.9,565,564.8,565,3583
1784952900000,564.9,565,564.9,565,40
1784953080000,565,565,564.9,565,91
1784953260000,565,565,564.9,565,487
1784953440000,565,565,564.9,564.9,1278
1784953620000,565,565,564.8,564.8,658
1784953800000,564.9,564.9,564.8,564.9,107
1784953980000,564.9,564.9,564.6,564.6,2705
1784954160000,564.7,564.8,564.6,564.7,1197
1784954340000,564.8,565.2,564.7,565.2,948
1784954520000,565.2,565.4,565.2,565.4,499
1784954700000,565.4,565.4,565.3,565.4,5407
1784954880000,565.3,565.3,565.2,565.3,1587
1784955060000,565.3,565.3,565,565.1,2079
1784955240000,565.1,565.3,565,565.3,580
1784955420000,565.3,565.3,565.2,565.2,2467
1784955600000,565.2,565.3,565.2,565.3,2076
1784955780000,565.3,565.3,565.2,565.2,149
1784955960000,565.3,565.3,565.2,565.2,132
1784956140000,565.3,565.3,565.1,565.1,4521
1784956320000,565.2,565.4,565,565.3,6197
1784956500000,565.3,565.4,565.2,565.4,7850
1784956680000,565.4,565.6,565.3,565.5,2430
1784956860000,565.6,565.6,565.5,565.5,278
1784957040000,565.6,565.6,565.3,565.4,4065
1784957220000,565.4,565.4,565.3,565.3,76
1784957400000,565.4,565.4,565.3,565.3,22
1784957580000,565.3,565.3,564.9,564.9,5662
1784957760000,564.9,564.9,564.6,564.6,2441
1784957940000,564.6,564.6,564.4,564.4,5943
1784958120000,564.5,564.6,564.4,564.5,2202
1784958300000,564.6,564.7,564.5,564.6,2028
1784958480000,564.6,564.7,564.5,564.5,2525
1784958660000,564.5,564.6,564.3,564.3,2381
1784958840000,564.4,564.5,564.4,564.4,1200
1784959020000,564.4,564.6,564.4,564.6,4399
1784959200000,564.5,564.6,564.5,564.5,960
1784959380000,564.6,564.8,564.5,564.7,8954
1784959560000,564.7,564.7,564.5,564.5,897
1784959740000,564.6,564.6,564.4,564.5,2844
1784959920000,564.5,564.6,564.5,564.6,2608
1784960100000,564.6,564.7,564.2,564.5,26753
1784960280000,564.4,564.5,564.4,564.5,103
1784960460000,564.4,564.4,564.2,564.2,1622
1784960640000,564.1,564.1,564,564.1,623
1784960820000,564,564.1,564,564.1,937
1784961000000,564.1,564.1,563.9,564.1,11079
1784961180000,564,564,563.8,563.9,4472
1784961360000,564,564.2,563.9,564.2,12971
1784961540000,564.1,564.2,564.1,564.1,242
1784961720000,564.1,564.1,564,564,5722
1784961900000,564,564,564,564,730
1784962080000,564,564.2,564,564.2,1239
1784962260000,564.2,564.5,564.2,564.5,5171
1784962440000,564.5,564.5,564.4,564.4,666
1784962620000,564.5,564.6,564.4,564.5,5745
1784962800000,564.5,564.7,564.5,564.6,1335
1784962980000,564.7,564.8,564.6,564.8,5059
1784963160000,564.7,564.8,564.6,564.6,3175
1784963340000,564.7,564.7,564.5,564.5,3197
1784963520000,564.5,564.5,564.2,564.2,12505
1784963700000,564.2,564.2,564.2,564.2,218
1784963880000,564.1,564.1,564,564,4222
1784964060000,564.1,564.1,564,564,1087
1784964240000,564.1,564.2,564.1,564.2,1368
1784964420000,564.2,564.2,564.1,564.1,679
1784964600000,564,564.1,563.8,563.8,1815
1784964780000,563.8,563.8,563.7,563.8,2200
1784964960000,563.8,563.8,563.6,563.7,10774
1784965140000,563.6,563.7,563.4,563.5,5396
1784965320000,563.5,563.7,563.5,563.7,7068
1784965500000,563.7,564,563.7,564,17301
1784965680000,564,564.1,564,564.1,4530
1784965860000,564.1,564.1,564,564.1,834
1784966040000,564,564.1,564,564,264
1784966220000,564.1,564.4,564.1,564.3,5050
1784966400000,564.4,564.4,564,564.1,56646
1784966580000,564.2,564.3,564.1,564.2,21223
1784966760000,564.3,564.3,564,564.1,12943
1784966940000,564.1,564.5,564.1,564.4,12849
1784967120000,564.4,564.5,564.2,564.5,16121
1784967300000,564.5,564.7,564.4,564.6,4602
1784967480000,564.6,564.8,564.6,564.8,3006
1784967660000,564.8,564.8,564.8,564.8,7438
1784967840000,564.8,564.8,564.6,564.7,15132
1784968020000,564.8,564.8,564.7,564.8,2034
1784968200000,564.9,564.9,564.8,564.8,25
1784968380000,564.9,565,564.6,564.6,13154
1784968560000,564.6,564.8,564.6,564.8,2498
1784968740000,564.8,565.1,564.7,565.1,1260
1784968920000,565.1,565.1,565,565,2559
1784969100000,565,565,564.7,564.8,6816
1784969280000,564.8,564.8,564.6,564.6,2485
1784969460000,564.7,564.7,564.3,564.4,138275
1784969640000,564.5,564.6,564.4,564.5,17280
1784969820000,564.5,564.6,564.3,564.6,18060
1784970000000,564.5,564.7,564.4,564.4,18409
1784970180000,564.3,564.4,564.1,564.2,9050
1784970360000,564.3,564.4,564.2,564.4,12950
1784970540000,564.4,564.6,564.4,564.6,12068
1784970720000,564.6,564.7,564.6,564.7,12819
1784970900000,564.6,564.8,564.6,564.8,4689
1784971080000,564.8,564.8,564.6,564.6,797
1784971260000,564.6,565,564.6,565,2316
1784971440000,565.1,565.4,565,565.4,3408
1784971620000,565.5,565.7,565.4,565.6,1792
1784971800000,565.6,565.7,565.5,565.5,2781
1784971980000,565.5,565.5,565.4,565.5,10106
1784972160000,565.4,565.5,565.2,565.2,9732
1784972340000,565.2,565.2,565,565,8761
1784972520000,565,565.1,565,565,55
1784972700000,565,565.2,565,565.2,13082
1784972880000,565.3,565.5,565.2,565.5,10148
1784973060000,565.6,565.7,565.5,565.6,4576
1784973240000,565.6,565.6,565.3,565.3,1789
1784973420000,565.2,565.3,565.1,565.3,5734
1784973600000,565.3,565.5,565.3,565.5,2026
1784973780000,565.4,565.7,565.4,565.7,1688
1784973960000,565.6,565.7,565.5,565.6,4651
1784974140000,565.6,565.6,565.5,565.6,10214
1784974320000,565.6,565.8,565.5,565.8,1372
1784974500000,565.8,565.8,565.7,565.7,1826
1784974680000,565.7,565.7,565.5,565.5,3304
1784974860000,565.5,565.5,565.4,565.5,504
1784975040000,565.4,565.6,565.4,565.6,735
1784975220000,565.5,565.5,565.5,565.5,170
1784975400000,565.5,565.5,565.4,565.5,265
1784975580000,565.4,565.5,565.1,565.4,77188
1784975760000,565.3,565.3,565.1,565.2,451
1784975940000,565.2,565.3,565.1,565.2,3708
1784976120000,565.2,565.2,565.1,565.1,49
1784976300000,565.2,565.2,565.2,565.2,3449
1784976480000,565.1,565.3,565.1,565.3,712
1784976660000,565.2,565.3,565.2,565.3,304
1784976840000,565.3,565.4,565.2,565.4,2399
1784977020000,565.3,565.4,565.3,565.4,78
1784977200000,565.4,565.5,565.3,565.4,1102
1784977380000,565.5,565.6,565.4,565.6,1413
1784977560000,565.6,565.6,565.4,565.5,2636
1784977740000,565.4,565.5,565.4,565.4,486
1784977920000,565.4,565.4,565.3,565.4,657
1784978100000,565.4,565.4,565.3,565.4,420
1784978280000,565.4,565.5,565.4,565.5,6551
1784978460000,565.6,565.6,565.4,565.5,1932
1784978640000,565.4,565.4,565.4,565.4,6
1784978820000,565.5,565.7,565.5,565.7,6190
1784979000000,565.7,565.8,565.5,565.5,27139
1784979180000,565.6,565.6,565.3,565.3,2225
1784979360000,565.3,565.4,565.3,565.4,2100
1784979540000,565.5,565.6,565.4,565.6,3822
1784979720000,565.5,565.6,565.2,565.2,13401
1784979900000,565.2,565.2,564.6,564.6,13424
1784980080000,564.6,565,564.6,565,6047
1784980260000,565.1,565.2,565.1,565.2,583
1784980440000,565.1,565.2,565.1,565.2,2124
1784980620000,565.2,565.3,565,565.3,25836
1784980800000,565.4,565.4,565.2,565.3,4042
1784980980000,565.3,565.4,565.3,565.4,1361
1784981160000,565.4,565.4,565.3,565.4,813
1784981340000,565.4,565.4,565.2,565.3,240
1784981520000,565.3,565.3,565,565.1,1875
1784981700000,565.1,565.1,564.8,564.9,1884
1784981880000,564.9,564.9,564.8,564.8,1319
1784982060000,564.9,564.9,564.8,564.8,713
1784982240000,564.8,565.2,564.8,565.2,12940
1784982420000,565.3,565.3,565.2,565.2,4819
1784982600000,565.3,565.3,565.2,565.3,2820
1784982780000,565.3,565.3,565.2,565.3,37
1784982960000,565.2,565.6,565.2,565.6,7615
1784983140000,565.6,565.6,565.5,565.5,4615
1784983320000,565.5,565.5,565.4,565.5,3740
1784983500000,565.6,565.7,565.5,565.6,134
1784983680000,565.7,565.8,565.7,565.7,12345
1784983860000,565.7,565.7,565.6,565.6,2555
1784984040000,565.7,566.1,565.6,566.1,24513
1784984220000,566,566.7,566,566.6,47331
1784984400000,566.6,567.1,566.6,567,82821
1784984580000,567.1,567.4,567,567,114735
1784984760000,567.1,567.2,567,567,17386
1784984940000,567,567.1,566.9,567,9487
1784985120000,567,567,566.8,566.9,9068
1784985300000,566.9,566.9,566.8,566.9,5884
1784985480000,566.9,567.1,566.8,567,5435
1784985660000,567.1,567.3,567,567.3,2184
1784985840000,567.3,567.4,567.2,567.4,18108
1784986020000,567.4,567.4,567.1,567.1,10514
1784986200000,567,567.1,566.9,567,7258
1784986380000,567,567,566.7,566.9,10813
1784986560000,566.8,566.9,566.8,566.9,2495
1784986740000,566.9,567.3,566.8,567.1,17061
1784986920000,567.1,567.5,567.1,567.5,7260
1784987100000,567.4,569.1,567.4,568.7,99372
1784987280000,568.8,569.1,568.4,568.4,29714
1784987460000,568.4,568.5,568.1,568.2,20510
1784987640000,568.3,568.3,568,568,7760
1784987820000,568,568.1,567.8,568.1,11995
1784988000000,568.1,568.1,567.6,567.7,8292
1784988180000,567.7,567.8,567.5,567.8,23749
1784988360000,567.7,567.8,567.2,567.3,5497
1784988540000,567.3,567.3,566.9,566.9,21132
1784988720000,566.9,567.2,566.9,567.1,6412
1784988900000,567.1,567.2,567.1,567.2,671
1784989080000,567.2,567.2,566.7,566.7,10132
1784989260000,566.7,566.7,566.4,566.4,2627
1784989440000,566.5,566.6,566.5,566.6,1265
1784989620000,566.6,566.6,566.5,566.6,1050
1784989800000,566.6,566.7,566.5,566.6,1746
1784989980000,566.7,566.7,566.4,566.5,1936
1784990160000,566.4,566.6,566.4,566.6,9540
1784990340000,566.5,566.8,566.5,566.6,6781
1784990520000,566.5,566.6,566.3,566.5,8825
1784990700000,566.5,566.6,566.5,566.6,7039
1784990880000,566.5,566.6,566.4,566.5,3914
1784991060000,566.5,566.7,566.4,566.7,7651
1784991240000,566.7,567,566.7,567,3897
1784991420000,567,567.1,566.9,566.9,12914
1784991600000,567,567,566.7,566.7,11466
1784991780000,566.8,567,566.7,567,5272
1784991960000,567,567.1,566.8,566.8,6512
1784992140000,566.9,567,566.8,566.9,3462
1784992320000,567,567.3,566.9,567.1,9722
1784992500000,567.1,567.5,567.1,567.3,4899
1784992680000,567.3,567.3,567,567.1,9209
1784992860000,567,567,566.6,566.7,32198
1784993040000,566.7,566.7,566.3,566.4,10240
1784993220000,566.3,566.5,566.2,566.5,15128
1784993400000,566.4,566.5,566.4,566.5,1921
1784993580000,566.4,566.6,566.3,566.6,4945
1784993760000,566.6,566.7,566.5,566.7,7072
1784993940000,566.6,566.8,566.6,566.7,5433
1784994120000,566.8,566.8,566.7,566.8,2236
1784994300000,566.8,566.8,566.7,566.8,1414
1784994480000,566.7,566.8,566.5,566.6,2374
1784994660000,566.5,566.6,566.5,566.6,422
1784994840000,566.6,566.7,566.6,566.7,2213
1784995020000,566.6,567,566.5,567,18450
1784995200000,567,567.1,566.7,566.8,6791
1784995380000,566.7,566.8,566.6,566.8,8648
1784995560000,566.8,566.8,566.4,566.4,8391
1784995740000,566.4,566.7,566.3,566.7,13387
1784995920000,566.8,567.2,566.7,567.1,7950
1784996100000,567.1,567.3,566.9,567.2,17591
1784996280000,567.2,567.2,567,567,204
1784996460000,567,567.1,566.9,567.1,5738
1784996640000,567.1,567.1,566.8,566.8,5753
1784996820000,566.8,567,566.8,567,2877
1784997000000,567,567.3,567,567.2,12887
1784997180000,567.2,567.3,567.1,567.3,1982
1784997360000,567.3,567.5,567.2,567.5,3069
1784997540000,567.5,567.5,567.3,567.4,1242
1784997720000,567.4,567.6,567.3,567.6,684
1784997900000,567.5,567.8,567.5,567.8,5534
1784998080000,567.8,568.1,567.8,567.9,60072
1784998260000,568,568,567.6,568,13171
1784998440000,568,568,567.4,567.4,40429
1784998620000,567.4,567.5,567.1,567.1,5196
1784998800000,567.2,567.2,567,567.1,10771
1784998980000,567.1,567.1,566.8,567.1,11359
1784999160000,567.1,567.1,566.8,566.9,6045
1784999340000,566.9,566.9,566.8,566.8,5818
1784999520000,566.8,567,566.6,567,6323
1784999700000,567,567.2,566.9,567,2429
1784999880000,567,567.2,567,567.1,5374
1785000060000,567.1,567.6,567.1,567.6,5581
1785000240000,567.5,567.9,567.5,567.9,3955
1785000420000,567.9,568.1,567.7,567.8,4669
1785000600000,567.8,567.8,567.5,567.6,1599
1785000780000,567.6,568.1,567.6,568.1,10326
1785000960000,568.2,568.2,568,568,9131
1785001140000,568,568.5,568,568.5,8924
1785001320000,568.5,568.5,568.4,568.5,1836
1785001500000,568.5,568.5,568.4,568.5,335
1785001680000,568.5,568.8,568.2,568.3,9974
1785001860000,568.3,568.3,568,568,2027
1785002040000,568,568.2,568,568.2,2592
1785002220000,568.2,568.2,568.1,568.1,1658
1785002400000,568.1,568.8,568.1,568.8,3504
1785002580000,568.9,568.9,568.4,568.5,5170
1785002760000,568.4,568.4,568.3,568.4,3284
1785002940000,568.4,568.4,567.9,568.3,3849
1785003120000,568.4,568.4,568.3,568.4,664
1785003300000,568.4,568.4,568.3,568.3,1735
1785003480000,568.2,568.3,568,568,6105
1785003660000,568,568.1,567.9,568,4544
1785003840000,568,568.2,567.9,568.2,6949
1785004020000,568.2,568.7,568.2,568.7,5032
1785004200000,568.7,568.8,568.6,568.7,3846
1785004380000,568.7,568.9,568.6,568.6,5311
1785004560000,568.6,568.6,568.6,568.6,227
1785004740000,568.6,568.6,568.4,568.4,1221
1785004920000,568.4,568.5,568.3,568.4,4355
1785005100000,568.4,568.5,568.3,568.5,3734
1785005280000,568.6,568.6,568.5,568.5,11
1785005460000,568.6,568.7,568.6,568.6,3102
1785005640000,568.6,568.6,568.5,568.6,410
1785005820000,568.7,568.8,568.6,568.8,553
1785006000000,568.8,569,568.7,568.8,57327
1785006180000,568.7,568.7,568.4,568.6,4337
1785006360000,568.6,568.6,568.4,568.4,3640
1785006540000,568.5,568.5,568.2,568.4,8737
1785006720000,568.5,568.5,568.4,568.5,2703
1785006900000,568.5,568.5,568.2,568.2,1677
1785007080000,568.2,568.3,568.1,568.2,2475
1785007260000,568.3,568.3,568.2,568.2,2568
1785007440000,568.3,568.3,568.2,568.3,124
1785007620000,568.3,568.3,568.3,568.3,180
1785007800000,568.3,568.3,568.2,568.2,473
1785007980000,568.3,568.3,568.3,568.3,58
1785008160000,568.3,568.3,568.2,568.3,9576
1785008340000,568.3,568.3,568.2,568.2,36
1785008520000,568.3,568.5,568.2,568.5,5934
1785008700000,568.5,568.5,568.3,568.4,519
1785008880000,568.4,568.4,568.3,568.4,419
1785009060000,568.4,568.6,568.4,568.6,4345
1785009240000,568.6,568.6,568.5,568.6,656
1785009420000,568.6,568.6,568.5,568.5,5176
1785009600000,568.5,568.5,568.1,568.5,31327
1785009780000,568.5,568.9,568.4,568.8,87842
1785009960000,568.9,568.9,568.8,568.8,3181
1785010140000,568.8,568.8,568.7,568.7,150
1785010320000,568.8,568.8,568.7,568.7,341
1785010500000,568.8,568.8,568.6,568.6,9143
1785010680000,568.5,568.5,568.3,568.3,12004
1785010860000,568.4,568.6,568.3,568.5,2777
1785011040000,568.6,568.6,568.5,568.6,403
1785011220000,568.6,568.6,568.5,568.6,1281
1785011400000,568.6,568.7,568.4,568.4,6214
1785011580000,568.4,568.5,568.3,568.3,2553
1785011760000,568.3,568.3,568.1,568.2,4891
1785011940000,568.2,568.3,568.2,568.2,2386
1785012120000,568.2,568.3,568.2,568.2,443
1785012300000,568.3,568.3,568.2,568.3,946
1785012480000,568.2,568.3,568.2,568.3,52
1785012660000,568.3,568.3,568.3,568.3,15
1785012840000,568.3,568.3,568.1,568.1,2680
1785013020000,568.2,568.2,568.1,568.1,154
1785013200000,568.2,568.3,568,568.1,18286
1785013380000,568.1,568.5,568,568.5,17690
1785013560000,568.5,568.5,568.3,568.4,15807
1785013740000,568.4,568.4,568.3,568.4,17375
1785013920000,568.4,568.5,568.1,568.3,23203
1785014100000,568.4,568.6,568.4,568.6,3461
1785014280000,568.5,568.6,568.4,568.5,6275
1785014460000,568.5,568.5,568.4,568.4,1534
1785014640000,568.4,568.5,568.3,568.4,1886
1785014820000,568.5,568.7,568.4,568.6,1748
1785015000000,568.7,568.8,568.6,568.8,494
1785015180000,568.8,569.2,568.8,569.1,13300
1785015360000,569.2,570.1,569.2,569.3,201936
1785015540000,569.4,569.4,569.2,569.2,4991
1785015720000,569.3,569.7,569.3,569.6,8822
1785015900000,569.6,569.8,569.2,569.7,9837
1785016080000,569.7,569.7,569.2,569.2,2175
1785016260000,569.3,569.3,569.1,569.1,3063
1785016440000,569.1,569.2,568.8,568.8,15262
1785016620000,568.8,568.9,568.6,568.6,22885
1785016800000,568.6,568.8,568.6,568.7,5745
1785016980000,568.6,568.9,568.5,568.6,27178
1785017160000,568.5,568.6,568.5,568.6,12782
1785017340000,568.6,569,568.6,569,6597
1785017520000,569,569,568.6,568.9,9421
1785017700000,569,569,568.8,568.9,5274
1785017880000,569,569.2,569,569.1,2089
1785018060000,569.1,569.1,569,569,68
1785018240000,569.1,569.4,569.1,569.4,10984
1785018420000,569.4,569.5,569.3,569.3,5335
1785018600000,569.4,569.4,569.1,569.2,12451
1785018780000,569.3,569.3,569.2,569.2,133
1785018960000,569.3,569.6,569.2,569.6,1063
1785019140000,569.6,569.6,569.3,569.3,3393
1785019320000,569.4,569.4,569.2,569.2,4596
1785019500000,569.3,569.3,569.1,569.2,1712
1785019680000,569.3,569.6,569.2,569.6,4894
1785019860000,569.7,569.8,569.6,569.8,1246
1785020040000,569.8,569.8,569.5,569.5,5415
1785020220000,569.6,569.6,569.4,569.4,803
1785020400000,569.5,569.5,569.2,569.2,4699
1785020580000,569.3,569.3,569.2,569.3,843
1785020760000,569.3,569.4,569.2,569.4,20969
1785020940000,569.4,569.4,569.2,569.3,1404
1785021120000,569.3,569.3,569.2,569.2,526
1785021300000,569.3,569.3,569.2,569.2,89
1785021480000,569.3,569.3,569.1,569.2,7960
1785021660000,569.2,569.2,569.1,569.1,1378
1785021840000,569.1,569.2,569.1,569.1,293
1785022020000,569.2,569.2,569.1,569.2,173
1785022200000,569.1,569.2,569.1,569.2,2031
1785022380000,569.2,569.3,569.2,569.3,2847
1785022560000,569.3,569.3,569.2,569.2,1606
1785022740000,569.3,569.3,568.9,568.9,7013
1785022920000,569,569,568.8,568.9,6058
1785023100000,568.9,568.9,568.8,568.9,681
1785023280000,568.9,568.9,568.7,568.8,5048
1785023460000,568.8,568.8,568.7,568.7,181
1785023640000,568.7,568.7,568.7,568.7,4058
1785023820000,568.7,568.7,568.6,568.7,511
1785024000000,568.7,569.3,568.7,569.2,41746
1785024180000,569.2,569.4,569.2,569.3,3851
1785024360000,569.3,569.4,569.2,569.4,2886
1785024540000,569.4,569.8,569.4,569.7,114471
1785024720000,569.6,569.9,569.6,569.8,15713
1785024900000,569.8,569.8,569.7,569.7,8273
1785025080000,569.8,570.3,569.7,570.3,31445
1785025260000,570.3,570.4,570,570,21042
1785025440000,570.1,570.1,570,570,3960
1785025620000,570.1,570.1,570,570,2899
1785025800000,570.1,570.1,570,570.1,1565
1785025980000,570.1,570.1,569.5,569.6,21073
1785026160000,569.6,569.7,569.6,569.6,2437
1785026340000,569.7,569.8,569.5,569.8,4960
1785026520000,569.8,569.8,569.7,569.8,732
1785026700000,569.8,570.1,569.7,569.7,8851
1785026880000,569.8,569.8,569.5,569.5,1268
1785027060000,569.6,569.9,569.6,569.9,4904
1785027240000,570,570,569.9,570,4403
1785027420000,570,570.1,569.9,570,5183
1785027600000,570.1,570.2,569.9,570,11771
1785027780000,570,570.1,569.9,570.1,11796
1785027960000,570.1,570.1,570,570.1,2553
1785028140000,570.1,570.2,570,570.1,3526
1785028320000,570.1,570.1,570,570.1,1335
1785028500000,570.1,570.1,570,570,3729
1785028680000,570,570,569.5,569.6,6523
1785028860000,569.6,569.7,569.6,569.7,4412
1785029040000,569.7,569.8,569.6,569.7,5187
1785029220000,569.8,569.8,569.7,569.7,3573
1785029400000,569.8,569.8,569.7,569.8,6363
1785029580000,569.8,569.8,569.7,569.7,2128
1785029760000,569.7,569.8,569.6,569.6,5807
1785029940000,569.7,569.8,569.7,569.7,2670
1785030120000,569.7,569.8,569.7,569.8,1910
1785030300000,569.9,569.9,569.8,569.8,474
1785030480000,569.9,569.9,569.8,569.8,414
1785030660000,569.9,570.1,569.8,570,1517
1785030840000,570.1,570.2,570.1,570.2,4123
1785031020000,570.2,570.2,569.9,570,6663
1785031200000,570.1,570.2,570,570.2,5495
1785031380000,570.1,570.1,569.6,569.9,24978
1785031560000,570,570,569.6,569.7,6761
1785031740000,569.7,569.9,569.6,569.9,5039
1785031920000,569.9,570,569.8,569.9,2235
1785032100000,569.9,570,569.9,570,4204
1785032280000,570,570,569.7,569.7,4693
1785032460000,569.7,570,569.6,569.6,3921
1785032640000,569.6,569.7,569.5,569.6,7211
1785032820000,569.6,569.8,569.6,569.8,3805
1785033000000,569.8,569.8,569.5,569.6,5860
1785033180000,569.5,569.6,569.4,569.6,8366
1785033360000,569.6,569.8,569.6,569.7,2333
1785033540000,569.7,569.7,569.4,569.5,9007
1785033720000,569.5,569.8,569.4,569.7,7210
1785033900000,569.8,569.8,569.7,569.7,512
1785034080000,569.8,570.1,569.8,570.1,15527
1785034260000,570,570.1,570,570,328
1785034440000,570.1,570.1,570,570.1,166
1785034620000,570.1,570.2,570,570.1,4496
1785034800000,570.2,570.4,570.1,570.3,7590
1785034980000,570.3,570.3,570,570,7086
1785035160000,570.1,570.1,570,570,2583
1785035340000,570,570.1,570,570.1,1465
1785035520000,570,570.6,570,570.5,20543
1785035700000,570.6,570.7,570.4,570.4,16074
1785035880000,570.4,570.4,570.3,570.4,3857
1785036060000,570.3,570.3,570.2,570.2,4563
1785036240000,570.3,570.3,570.1,570.1,1108
1785036420000,570.2,570.2,570.1,570.2,1372
1785036600000,570.2,570.2,570.1,570.1,1475
1785036780000,570.2,570.5,570.2,570.5,2807
1785036960000,570.5,570.5,570.4,570.4,1384
1785037140000,570.5,570.5,570.3,570.4,2917
1785037320000,570.4,570.4,570.2,570.2,3118
1785037500000,570.2,570.2,570.1,570.2,236
1785037680000,570.2,570.2,570.1,570.2,197
1785037860000,570.1,570.2,570.1,570.2,1295
1785038040000,570.2,570.2,570.1,570.1,407
1785038220000,570.1,570.3,570.1,570.3,1777
1785038400000,570.2,570.5,570.2,570.4,634
1785038580000,570.5,570.6,570.4,570.6,5153
1785038760000,570.6,570.6,570.2,570.3,12667
1785038940000,570.3,570.3,570,570,2143
1785039120000,570,570.1,569.9,569.9,3958
1785039300000,570,570,569.8,569.8,3457
1785039480000,569.9,569.9,569.9,569.9,430
1785039660000,569.9,570,569.8,570,2548
1785039840000,570,570.3,570,570.3,3542
1785040020000,570.3,570.4,570.2,570.3,297
1785040200000,570.4,570.4,570.3,570.3,730
1785040380000,570.4,570.5,570.4,570.5,6043
1785040560000,570.5,570.5,570.4,570.5,4381
1785040740000,570.5,570.6,570.5,570.6,4720
1785040920000,570.6,570.9,570.6,570.9,12063
1785041100000,571,571.3,570.9,571.1,10464
1785041280000,571.2,571.3,570.9,570.9,6127
1785041460000,570.9,571,570.9,570.9,1238
1785041640000,571,571,570.6,570.6,5383
1785041820000,570.7,570.7,570.6,570.7,5920
1785042000000,570.8,570.8,570.4,570.6,26142
1785042180000,570.6,571.3,570.6,570.8,95388
1785042360000,570.8,570.9,570.8,570.9,3823
1785042540000,570.8,571,570.8,571,3847
1785042720000,571.1,571.4,571.1,571.3,2804
1785042900000,571.4,571.5,571,571.2,54969
1785043080000,571.3,571.7,571.3,571.7,43441
1785043260000,571.6,571.7,571.5,571.6,14482
1785043440000,571.7,571.9,571.7,571.8,20888
1785043620000,571.8,571.8,571.5,571.5,4232
1785043800000,571.6,571.7,571.2,571.3,17421
1785043980000,571.4,571.7,571.3,571.7,5636
1785044160000,571.8,571.8,571.3,571.4,3857
1785044340000,571.4,571.4,571.3,571.3,917
1785044520000,571.3,571.4,571.3,571.4,2130
1785044700000,571.4,571.5,571.4,571.4,5031
1785044880000,571.5,571.5,571.3,571.4,9366
1785045060000,571.4,571.4,571.2,571.2,5330
1785045240000,571.2,571.2,571.1,571.1,1324
1785045420000,571.2,571.2,571.1,571.1,4002
1785045600000,571.1,571.3,571,571.3,11309
1785045780000,571.4,571.6,571.3,571.4,13489
1785045960000,571.3,571.4,571.1,571.1,12765
1785046140000,571.1,571.3,570.9,571,9511
1785046320000,570.9,571.1,570.8,571.1,6838
1785046500000,571.1,571.1,571,571.1,5346
1785046680000,571,571.1,570.6,570.6,3036
1785046860000,570.5,570.6,570.3,570.4,12792
1785047040000,570.4,570.5,570.4,570.5,8898
1785047220000,570.5,570.5,570.4,570.5,6767
1785047400000,570.4,570.5,570.2,570.4,3913
1785047580000,570.5,570.9,570.5,570.9,2377
1785047760000,570.9,571.1,570.9,571,8401
1785047940000,571.1,571.3,570.8,571,10535
1785048120000,571.1,571.2,570.9,571.2,16073
1785048300000,571.3,571.9,571.2,571.9,10481
1785048480000,571.9,572.1,571.8,571.9,13806
1785048660000,571.9,572.1,571.9,572,3212
1785048840000,572,572.2,572,572,89833
1785049020000,572.1,572.3,572,572.3,10005
1785049200000,572.3,572.5,572.1,572.4,12023
1785049380000,572.3,572.5,571.9,572.5,20963
1785049560000,572.5,572.8,572.4,572.8,15172
1785049740000,572.7,572.8,571.9,571.9,66580
1785049920000,571.9,572.1,571.8,572.1,4692
1785050100000,572.1,572.1,572,572,2205
1785050280000,572.1,572.1,571.7,571.8,17571
1785050460000,571.7,571.7,571.4,571.4,5785
1785050640000,571.5,571.5,571.2,571.2,11982
1785050820000,571.2,571.3,571.2,571.2,250
1785051000000,571.3,571.4,571.2,571.3,3549
1785051180000,571.4,571.4,571.3,571.3,4669
1785051360000,571.4,571.4,571.1,571.1,9418
1785051540000,571.2,571.8,571.2,571.7,8608
1785051720000,571.8,571.8,571.5,571.5,6316
1785051900000,571.6,571.7,571.6,571.6,817
1785052080000,571.6,571.8,571.6,571.7,3133
1785052260000,571.7,571.7,571.5,571.5,640
1785052440000,571.6,571.6,571.4,571.5,1648
1785052620000,571.5,571.5,571.4,571.4,921
1785052800000,571.5,571.5,571.4,571.4,4279
1785052980000,571.5,571.5,571.4,571.4,6777
1785053160000,571.5,571.5,571.4,571.4,4588
1785053340000,571.5,571.8,571.4,571.6,9109
1785053520000,571.5,571.6,571.5,571.5,4414
1785053700000,571.5,571.6,571.5,571.5,6877
1785053880000,571.5,571.6,571.5,571.5,414
1785054060000,571.6,571.6,570.9,570.9,31062
1785054240000,571,571.5,570.9,570.9,15784
1785054420000,570.9,571.3,570.9,571.3,5072
1785054600000,571.4,571.5,571.2,571.2,7738
1785054780000,571.3,571.4,571.1,571.4,4933
1785054960000,571.3,571.4,571.3,571.3,5739
1785055140000,571.3,571.4,571.2,571.2,155
1785055320000,571.3,571.3,571.1,571.1,4104
1785055500000,571.1,571.1,571,571,712
1785055680000,571,571.1,571,571.1,5906
1785055860000,571,571.3,571,571.3,11014
1785056040000,571.3,571.5,571.3,571.5,8062
1785056220000,571.5,571.6,571.5,571.6,379
1785056400000,571.6,572.3,571.5,572.3,104790
1785056580000,572.3,572.4,572.1,572.1,28805
1785056760000,572.1,572.1,571.5,571.5,4815
1785056940000,571.5,571.7,571.4,571.4,19656
1785057120000,571.4,571.5,571.4,571.4,2894
1785057300000,571.5,571.5,571.4,571.5,1854
1785057480000,571.5,571.6,571.5,571.6,3864
1785057660000,571.7,571.7,571.1,571.1,14690
1785057840000,571.1,571.2,571,571.1,3573
1785058020000,571,571.1,571,571.1,347
1785058200000,571.1,571.1,570.9,570.9,4533
1785058380000,570.9,571,570.9,571,363
1785058560000,571,571,570.9,570.9,8968
1785058740000,570.9,571.2,570.9,571.1,24039
1785058920000,571.1,571.2,571.1,571.2,4134
1785059100000,571.3,571.3,571.2,571.3,7033
1785059280000,571.4,571.4,571.2,571.2,11437
1785059460000,571.3,571.3,571,571,3019
1785059640000,571.1,571.2,571,571.1,5750
1785059820000,571.1,571.3,571.1,571.2,4088
1785060000000,571.2,571.3,570.8,570.9,21765
1785060180000,570.9,571.2,570.9,571.1,5268
1785060360000,571.1,571.2,570.9,570.9,11536
1785060540000,570.9,571,570.9,570.9,2578
1785060720000,571,571,570.9,570.9,77
1785060900000,571,571,570.9,570.9,3044
1785061080000,571,571,570.9,570.9,91
1785061260000,571,571,570.6,570.6,8314
1785061440000,570.7,570.8,570.7,570.7,9535
1785061620000,570.8,570.8,570.7,570.8,3314
1785061800000,570.8,571,570.8,571,4153
1785061980000,571,571.2,571,571,15705
1785062160000,571,571.1,571,571,1010
1785062340000,571,571.2,571,571.1,3286
1785062520000,571.1,571.2,571.1,571.1,2720
1785062700000,571.1,571.2,570.9,570.9,8603
1785062880000,570.9,570.9,570.8,570.8,7715
1785063060000,570.9,570.9,570.8,570.8,5857
1785063240000,570.9,570.9,570.8,570.8,2722
1785063420000,570.9,570.9,570.7,570.8,6786
1785063600000,570.8,570.9,570.8,570.9,8174
1785063780000,570.9,571.1,570.9,571,3475
1785063960000,571,571,570.7,570.8,16446
1785064140000,570.7,570.8,570.7,570.8,302
1785064320000,570.8,570.8,570.7,570.8,2346
1785064500000,570.8,570.8,570.7,570.7,275
1785064680000,570.7,570.8,570.7,570.8,2843
1785064860000,570.8,570.9,570.7,570.9,2874
1785065040000,570.8,570.8,570.6,570.7,5352
1785065220000,570.7,570.7,570.6,570.7,7984
1785065400000,570.7,570.8,570.7,570.8,1348
1785065580000,570.8,570.8,570.7,570.7,31
1785065760000,570.7,570.8,570.7,570.8,17
1785065940000,570.8,570.8,570.5,570.6,3814
1785066120000,570.6,570.6,570.5,570.5,2615
1785066300000,570.6,570.6,570.4,570.4,10339
1785066480000,570.4,570.5,570.3,570.3,4406
1785066660000,570.3,570.4,570.3,570.3,2741
1785066840000,570.4,570.4,570.2,570.2,4092
1785067020000,570.3,570.4,570.3,570.4,4462
1785067200000,570.4,570.9,570.4,570.9,6349
1785067380000,571,571.2,570.9,571.2,1809
1785067560000,571.2,571.8,571.2,571.4,9566
1785067740000,571.5,571.5,571.2,571.2,3973
1785067920000,571.3,571.6,571.2,571.5,2580
1785068100000,571.6,571.6,571.3,571.3,6722
1785068280000,571.4,571.4,571,571.1,4499
1785068460000,571.1,571.4,571.1,571.4,4706
1785068640000,571.4,571.4,571.3,571.4,1018
1785068820000,571.5,571.5,571.4,571.4,9995
1785069000000,571.4,571.4,571.1,571.1,1771
1785069180000,571.1,571.1,570.9,570.9,3877
1785069360000,571,571,571,571,491
1785069540000,571,571,570.3,570.3,11421
1785069720000,570.4,570.4,570.1,570.1,9173
1785069900000,570.2,570.4,570.2,570.3,5349
1785070080000,570.3,570.3,570.2,570.3,3805
1785070260000,570.3,570.6,570.3,570.6,5302
1785070440000,570.6,570.7,570.6,570.7,718
1785070620000,570.7,570.7,570.7,570.7,22
1785070800000,570.7,570.7,570.4,570.4,6180
1785070980000,570.5,570.5,570.2,570.2,7855
1785071160000,570.3,570.3,570.1,570.1,4778
1785071340000,570.2,570.2,570.1,570.1,4493
1785071520000,570.2,570.3,570.1,570.2,1613
1785071700000,570.2,570.4,570.2,570.4,4835
1785071880000,570.5,570.7,570.4,570.6,3853
1785072060000,570.7,570.7,570.6,570.6,1673
1785072240000,570.7,570.7,570.4,570.4,14401
1785072420000,570.4,570.4,570.2,570.2,5181
1785072600000,570.2,570.2,569.9,570.1,4274
1785072780000,570.2,570.3,570.2,570.2,210
1785072960000,570.3,570.5,570.3,570.5,2503
1785073140000,570.5,570.7,570.4,570.6,731
1785073320000,570.7,570.8,570.6,570.7,10424
1785073500000,570.7,570.9,570.7,570.9,3302
1785073680000,570.9,570.9,570.7,570.8,4833
1785073860000,570.9,571.6,570.7,571.6,28985
1785074040000,571.6,571.7,571.2,571.2,4909
1785074220000,571.2,571.3,571.2,571.3,1699
1785074400000,571.4,571.6,571.3,571.6,5975
1785074580000,571.6,572.9,571.5,572,99803
1785074760000,572.1,572.6,572.1,572.2,16348
1785074940000,572.3,572.3,571.7,571.7,18674
1785075120000,571.8,571.9,571.7,571.8,20558
1785075300000,571.9,572,571.9,571.9,3940
1785075480000,572,572.2,572,572,10252
1785075660000,572,572.3,572,572.2,8062
1785075840000,572.2,572.2,571.9,571.9,5155
1785076020000,571.9,571.9,571.7,571.7,3058
1785076200000,571.7,571.9,571.6,571.9,11638
1785076380000,571.9,572,571.9,571.9,2990
1785076560000,571.8,571.9,571.8,571.9,173
1785076740000,571.9,572,571.6,572,3217
1785076920000,572.1,572.2,572.1,572.1,4924
1785077100000,572.1,572.8,572,572.7,35130
1785077280000,572.7,572.7,572.4,572.4,10949
1785077460000,572.3,572.6,572.3,572.6,12516
1785077640000,572.7,572.7,572.6,572.7,695
1785077820000,572.7,572.7,572.5,572.6,1773
1785078000000,572.7,573,572.5,572.5,27106
1785078180000,572.5,572.7,572.4,572.6,6728
1785078360000,572.6,572.8,572.4,572.5,8350
1785078540000,572.6,572.6,572.5,572.6,1266
1785078720000,572.6,572.6,572.5,572.6,5013
1785078900000,572.6,573.6,572.6,573.5,29333
1785079080000,573.5,573.6,573.1,573.1,15175
1785079260000,573.1,573.1,572.7,572.8,2677
1785079440000,572.8,572.9,572.6,572.6,25839
1785079620000,572.7,573,572.7,573,8825
1785079800000,573,573.2,572.8,573.2,3882
1785079980000,573.1,573.2,573,573.1,1055
1785080160000,573.1,573.8,573.1,573.2,21124
1785080340000,573.2,573.3,573.1,573.3,6914
1785080520000,573.2,573.3,573.1,573.3,792
1785080700000,573.2,573.3,573.1,573.2,9053
1785080880000,573.3,573.8,573.2,573.8,9567
1785081060000,573.8,573.9,573.7,573.7,4257
1785081240000,573.7,573.9,573.6,573.8,7810
1785081420000,573.8,573.8,573.6,573.6,1327
1785081600000,573.7,574.3,573.7,574.1,52687
1785081780000,574.1,574.4,573.8,573.8,131540
1785081960000,573.9,573.9,573.6,573.6,10459
1785082140000,573.6,573.6,573.1,573.2,21052
1785082320000,573.2,573.3,572.9,573,19132
1785082500000,573,573.6,573,573.6,12719
1785082680000,573.5,573.6,573.1,573.2,10660
1785082860000,573.1,573.2,573.1,573.1,1718
1785083040000,573.1,573.3,573.1,573.2,1950
1785083220000,573.2,573.8,573.2,573.5,8906
1785083400000,573.5,574.8,573.5,574.6,49083
1785083580000,574.6,574.6,573.7,573.7,5812
1785083760000,573.6,573.6,573.3,573.3,7769
1785083940000,573.3,573.4,573.3,573.3,1459
1785084120000,573.3,573.3,573.1,573.1,2019
1785084300000,573.1,573.5,573.1,573.5,6172
1785084480000,573.5,573.6,573.4,573.5,7507
1785084660000,573.4,573.5,573.3,573.3,1892
1785084840000,573.3,573.3,573.2,573.3,4491
1785085020000,573.2,573.2,573.1,573.2,5689
1785085200000,573.2,573.3,572.7,573.1,12819
1785085380000,573.1,573.4,573.1,573.1,1600
1785085560000,573.1,573.3,572.7,572.8,15378
1785085740000,572.7,573,572.7,572.9,7768
1785085920000,572.9,573.6,572.9,573.6,4106
1785086100000,573.6,573.7,573.5,573.6,3815
1785086280000,573.5,573.6,572.9,572.9,13835
1785086460000,573,573.2,572.9,573.2,3002
1785086640000,573.2,573.2,573.1,573.1,1312
1785086820000,573.1,573.2,573,573.1,11327
1785087000000,573,573.1,573,573.1,1333
1785087180000,573,573.3,573,573.2,2102
1785087360000,573.3,573.3,573,573,3167
1785087540000,573,573,572.7,572.7,2536
1785087720000,572.8,572.9,572.7,572.9,2356
1785087900000,573,573.1,572.9,572.9,1274
1785088080000,572.9,572.9,572.8,572.9,799
1785088260000,572.9,572.9,572.8,572.9,230
1785088440000,572.8,572.8,572.8,572.8,1940
1785088620000,572.7,572.8,572.7,572.7,5558
1785088800000,572.7,572.8,572.6,572.7,2966
1785088980000,572.7,572.7,572.6,572.6,3983
1785089160000,572.7,572.7,572.6,572.7,2955
1785089340000,572.7,572.7,572.4,572.5,9267
1785089520000,572.5,572.5,572.4,572.4,3515
1785089700000,572.4,572.4,572.3,572.4,1394
1785089880000,572.3,572.4,572.2,572.3,3904
1785090060000,572.3,572.4,572.2,572.4,2448
1785090240000,572.3,572.4,572.1,572.2,4508
1785090420000,572.2,572.3,572.1,572.3,6925
1785090600000,572.2,572.5,572.2,572.5,2316
1785090780000,572.5,572.9,572.5,572.8,4622
1785090960000,572.9,572.9,572.7,572.9,10021
1785091140000,572.8,572.9,572.8,572.9,964
1785091320000,572.9,572.9,572.8,572.9,2274
1785091500000,572.8,573,572.8,573,2201
1785091680000,573.1,573.1,573,573.1,1922
1785091860000,573.1,573.6,573,573.6,5089
1785092040000,573.5,573.5,573.3,573.4,9492
1785092220000,573.4,573.4,572.9,572.9,12988
1785092400000,572.9,573.6,572.7,573.2,55311
1785092580000,573.1,573.1,573,573,9832
1785092760000,573,573.2,573,573.1,11746
1785092940000,573,573,572.9,572.9,7632
1785093120000,573,573,572.8,572.8,7315
1785093300000,572.8,573.1,572.8,573.1,3106
1785093480000,573.1,573.3,573,573.2,1167
1785093660000,573.3,573.3,573.2,573.2,1853
1785093840000,573.2,573.4,573.2,573.3,1030
1785094020000,573.4,573.4,573.2,573.2,9617
1785094200000,573.2,573.3,573.2,573.2,563
1785094380000,573.3,573.5,573.3,573.3,2818
1785094560000,573.4,573.4,573.3,573.3,2208
1785094740000,573.3,573.3,573.2,573.2,6544
1785094920000,573.2,573.4,573.2,573.3,210
1785095100000,573.4,573.4,573.2,573.2,6557
1785095280000,573.3,573.3,573.1,573.2,5254
1785095460000,573.2,573.4,573.2,573.3,5161
1785095640000,573.4,573.4,573.3,573.3,1251
1785095820000,573.4,573.4,573.3,573.4,1440
1785096000000,573.4,573.7,573.4,573.4,12057
1785096180000,573.4,573.4,573.3,573.3,5020
1785096360000,573.4,573.4,573.3,573.3,1323
1785096540000,573.3,573.4,573.1,573.1,4557
1785096720000,573.1,573.2,573.1,573.1,841
1785096900000,573.2,573.2,573.1,573.2,1332
1785097080000,573.1,573.2,573.1,573.1,231
1785097260000,573.1,573.2,573,573,2541
1785097440000,573.1,573.1,573,573,43
1785097620000,573,573.1,573,573,84
1785097800000,573,573.1,573,573,1332
1785097980000,573.1,573.1,573,573,760
1785098160000,573,573,572.8,572.8,10760
1785098340000,572.8,573,572.8,572.9,4466
1785098520000,572.9,573.1,572.9,573.1,1594
1785098700000,573.1,573.1,573,573.1,2165
1785098880000,573,573.1,572.9,572.9,4813
1785099060000,572.9,573.1,572.9,573.1,1840
1785099240000,573,573.2,573,573,7237
1785099420000,573.1,573.1,572.9,572.9,2741
1785099600000,573,573,572.9,573,1575
1785099780000,573,573.1,572.9,572.9,5626
1785099960000,573,573,572.8,572.8,4367
1785100140000,572.8,572.9,572.8,572.9,4368
1785100320000,572.9,573.3,572.7,572.7,96464
1785100500000,572.7,572.7,572.6,572.6,1363
1785100680000,572.7,573,572.6,572.9,5921
1785100860000,572.9,573.1,572.9,573,2232
1785101040000,573,573.6,572.9,573.6,6680
1785101220000,573.5,573.6,573.5,573.6,1876
1785101400000,573.5,573.6,573.4,573.4,1847
1785101580000,573.3,573.6,573.3,573.5,4750
1785101760000,573.6,573.7,573.5,573.6,3849
1785101940000,573.6,573.6,573.3,573.4,5665
1785102120000,573.3,573.8,573.3,573.6,6527
1785102300000,573.5,573.6,573.5,573.6,6742
1785102480000,573.6,574.1,573.6,574.1,11819
1785102660000,574.1,574.1,574,574.1,23
1785102840000,574,574.1,573.6,573.7,10528
1785103020000,573.8,573.8,573.5,573.7,2108
1785103200000,573.7,576.3,573.7,575.4,99614
1785103380000,575.5,575.6,575.2,575.2,19240
1785103560000,575.3,575.6,574.9,574.9,5469
1785103740000,574.9,575.4,574.9,575,7555
1785103920000,575.1,575.4,575.1,575.3,2533
1785104100000,575.3,575.5,575.1,575.2,3858
1785104280000,575.1,575.4,575,575.2,3138
1785104460000,575.3,575.3,575,575,3136
1785104640000,575.1,575.1,574.7,574.7,2096
1785104820000,574.8,575,574.7,574.9,5337
1785105000000,574.8,576,574.8,575.9,32046
1785105180000,575.8,575.9,575.3,575.6,41255
1785105360000,575.5,575.7,575.3,575.7,13734
1785105540000,575.7,576.3,575.7,576.3,45077
1785105720000,576.2,576.2,575.9,575.9,3353
1785105900000,575.9,576,575.3,575.3,15915
1785106080000,575.4,576.2,575.4,575.8,8550
1785106260000,575.8,575.8,575.6,575.7,402
1785106440000,575.7,575.8,575.4,575.4,2460
1785106620000,575.4,575.5,575.4,575.4,2619
1785106800000,575.5,575.9,575.4,575.4,12093
1785106980000,575.3,575.7,575.1,575.6,7269
1785107160000,575.6,576.1,575.4,575.8,6500
1785107340000,575.9,576.3,575.6,575.6,20978
1785107520000,575.6,575.8,574.7,574.7,16167
1785107700000,574.8,575.4,574.7,575,12097
1785107880000,575,575.1,574.7,574.7,6247
1785108060000,574.8,574.8,574.6,574.7,2201
1785108240000,574.7,574.8,574.5,574.6,6553
1785108420000,574.6,574.6,574.5,574.5,5700
1785108600000,574.6,574.6,573.7,573.9,29889
1785108780000,574,574.5,574,574.5,4715
1785108960000,574.6,574.6,574.1,574.1,3852
1785109140000,574.1,574.1,573.9,574.1,5981
1785109320000,574.1,574.5,574.1,574.4,11048
1785109500000,574.5,574.8,574.3,574.7,18853
1785109680000,574.7,575,574.5,575,59320
1785109860000,575.1,575.2,575.1,575.1,5223
1785110040000,575.1,575.1,574.7,574.7,11106
1785110220000,574.8,575.1,574.7,575,3907
1785110400000,575.1,575.5,575.1,575.4,22078
1785110580000,575.4,575.5,574.8,574.9,27263
1785110760000,574.9,574.9,573.8,573.8,11420
1785110940000,573.8,574,573.8,573.9,20461
1785111120000,573.9,574.2,573.9,574.1,5048
1785111300000,574.1,574.1,573.9,574,7988
1785111480000,574,574,573.5,573.8,8651
1785111660000,573.8,573.9,573.6,573.7,6984
1785111840000,573.6,573.9,573.2,573.6,14286
1785112020000,573.7,573.9,573.6,573.7,5029
1785112200000,573.7,573.7,573.3,573.6,3412
1785112380000,573.6,573.6,573.1,573.4,4731
1785112560000,573.4,573.4,573.1,573.2,3206
1785112740000,573.2,573.3,573,573.1,10812
1785112920000,573.1,573.1,572.8,572.9,2331
1785113100000,573,573.3,573,573,4942
1785113280000,572.9,573,572.8,572.9,8251
1785113460000,572.9,573.1,572.6,572.7,6806
1785113640000,572.7,572.7,572,572.1,11395
1785113820000,572.2,572.3,572.2,572.3,7294
1785114000000,572.2,572.6,572.2,572.6,9700
1785114180000,572.7,572.8,572.6,572.7,15139
1785114360000,572.8,572.9,572.7,572.7,6515
1785114540000,572.7,573,572.6,572.9,5274
1785114720000,572.9,572.9,572.5,572.5,4647
1785114900000,572.5,572.5,572.1,572.5,8876
1785115080000,572.5,572.8,572.5,572.6,2743
1785115260000,572.6,573,572.4,573,2421
1785115440000,572.9,572.9,572.5,572.5,2845
1785115620000,572.5,572.6,572.5,572.5,5967
1785115800000,572.5,572.9,572.5,572.8,4393
1785115980000,572.8,572.9,571.3,571.6,31359
1785116160000,571.6,572.4,571.6,572.4,20521
1785116340000,572.5,572.8,572.4,572.8,11915
1785116520000,572.7,572.7,572.4,572.5,12624
1785116700000,572.4,572.9,572.4,572.9,1181
1785116880000,572.9,573.1,572.8,572.8,2232
1785117060000,572.8,573.1,572.8,572.9,3203
1785117240000,572.8,573.1,572.8,573,1859
1785117420000,573,573.4,573,573.4,6507
1785117600000,573.3,573.4,573.2,573.3,3159
1785117780000,573.3,573.3,573,573.1,7908
1785117960000,573,573.2,572.9,573.1,2467
1785118140000,573,573.3,572.9,573,1511
1785118320000,573,573.1,572.9,573,2401
1785118500000,572.9,572.9,572.6,572.8,3172
1785118680000,572.8,573.1,572.7,573,10025
1785118860000,572.9,573.1,572.9,572.9,2570
1785119040000,572.9,573,572.8,573,2273
1785119220000,573,573.2,573,573.2,790
1785119400000,573.2,573.2,572.7,572.7,7571
1785119580000,572.7,572.8,572.6,572.8,3001
1785119760000,572.8,573.6,572.8,573.6,16053
1785119940000,573.6,573.9,573.6,573.9,2150
1785120120000,573.9,574,573.8,573.8,9499
1785120300000,573.8,573.8,573.3,573.4,1636
1785120480000,573.4,573.4,573.2,573.2,5544
1785120660000,573.2,573.2,572.7,572.8,5497
1785120840000,572.7,572.9,572.6,572.8,4252
1785121020000,572.8,572.8,572.8,572.8,1664
1785121200000,572.8,573.3,572.7,573,9244
1785121380000,573,573,572.5,572.7,7608
1785121560000,572.6,572.8,572.5,572.7,2923
1785121740000,572.7,572.7,572.2,572.6,3804
1785121920000,572.6,573,572.5,572.9,3077
1785122100000,573,573.3,573,573.3,1430
1785122280000,573.2,573.2,572.8,572.8,4659
1785122460000,572.8,573,572.7,573,2800
1785122640000,573,573.2,573,573.2,3193
1785122820000,573.2,573.2,572.7,572.8,1449
1785123000000,572.8,572.8,572.5,572.7,3468
1785123180000,572.7,572.8,572.6,572.8,761
1785123360000,572.8,572.8,572.7,572.8,1361
1785123540000,572.8,572.8,572.7,572.7,225
1785123720000,572.8,573,572.7,573,1968
1785123900000,573,573.1,573,573.1,1619
1785124080000,573.2,573.2,573,573,8247
1785124260000,573,573.1,572.9,573.1,4634
1785124440000,573.1,573.1,573,573.1,502
1785124620000,573.1,573.5,573,573.5,5879
1785124800000,573.5,573.5,573.3,573.4,3954
1785124980000,573.4,573.8,573.4,573.6,9074
1785125160000,573.6,573.9,573.6,573.9,12898
1785125340000,573.9,573.9,573.1,573.2,9282
1785125520000,573.2,573.5,573.1,573.4,9510
1785125700000,573.4,573.7,573.4,573.5,10361
1785125880000,573.5,574.3,573.5,574.3,12261
1785126060000,574.2,574.5,574,574,10478
1785126240000,573.9,573.9,573.2,573.3,3844
1785126420000,573.3,573.3,573,573.3,6992
1785126600000,573.3,573.3,572.9,573,3304
1785126780000,573,573.2,572.9,573.2,3310
1785126960000,573.2,573.6,573.2,573.4,3481
1785127140000,573.4,573.6,573.2,573.5,1935
1785127320000,573.6,573.8,573.3,573.3,5206
1785127500000,573.4,573.4,573.1,573.3,3119
1785127680000,573.3,573.4,573.2,573.4,6858
1785127860000,573.5,573.6,573.5,573.6,1162
1785128040000,573.5,573.8,573.5,573.7,1560
1785128220000,573.8,573.8,573.4,573.4,4179
1785128400000,573.5,573.7,573.4,573.7,1631
1785128580000,573.8,573.8,573.4,573.5,24742
1785128760000,573.4,573.8,573.4,573.7,6493
1785128940000,573.7,574.1,573.6,574,5109
1785129120000,574.1,574.1,573.8,573.9,11323
1785129300000,573.9,574,573.6,574,9741
1785129480000,574.1,574.5,574,574.4,6372
1785129660000,574.4,574.4,574.1,574.3,12988
1785129840000,574.3,574.4,574.1,574.2,10039
1785130020000,574.3,574.4,574.3,574.3,14996
1785130200000,574.4,574.5,574.2,574.4,11020
1785130380000,574.4,574.4,574.2,574.2,8335
1785130560000,574.3,574.5,574.2,574.4,12644
1785130740000,574.4,574.7,574.2,574.2,14028
1785130920000,574.3,574.5,574.2,574.3,10140
1785131100000,574.3,574.4,574.1,574.1,4140
1785131280000,574.2,574.4,574.1,574.4,1578
1785131460000,574.4,574.6,574.3,574.4,1191
1785131640000,574.4,574.7,574.4,574.7,4056
1785131820000,574.7,575.6,574.6,575.3,21600
1785132000000,575.3,575.5,575.1,575.1,18451
1785132180000,575,575.6,575,575.3,9239
1785132360000,575.3,576.9,575.3,575.5,169672
1785132540000,575.5,575.9,575.4,575.7,4329
1785132720000,575.8,575.9,575.3,575.5,4949
1785132900000,575.5,575.6,575,575.1,11240
1785133080000,575,575,574.7,574.7,14425
1785133260000,574.6,574.7,574.5,574.7,3959
1785133440000,574.7,574.7,574.6,574.7,831
1785133620000,574.7,574.8,574.5,574.8,4380
1785133800000,574.7,575.3,574.6,575.2,2793
1785133980000,575.2,575.7,575.2,575.7,1167
1785134160000,575.7,576,575.5,575.6,6033
1785134340000,575.5,575.5,575.3,575.4,3191
1785134520000,575.3,575.6,575.3,575.3,3851
1785134700000,575.4,575.7,575.2,575.7,24270
1785134880000,575.7,575.7,574.9,575,7692
1785135060000,574.9,575.2,574.8,575.2,1296
1785135240000,575.2,575.2,574.9,575,1283
1785135420000,574.9,574.9,574.8,574.9,5237
1785135600000,574.8,574.9,574.4,574.8,9865
1785135780000,574.9,575.1,574.8,575.1,6156
1785135960000,575,575.1,574.4,574.5,13378
1785136140000,574.5,575,574.5,575,6529
1785136320000,575,575.1,574.8,575.1,8112
1785136500000,575.1,575.2,574.9,575.1,3225
1785136680000,575,575.2,574.9,575.2,800
1785136860000,575.1,575.2,575.1,575.2,401
1785137040000,575.1,575.2,575,575.1,572
1785137220000,575,575,574.8,574.9,2583
1785137400000,574.8,574.8,574.1,574.6,25081
1785137580000,574.6,575,574.5,575,1701
1785137760000,575,575,574.7,574.7,1433
1785137940000,574.6,574.7,574.3,574.6,6270
1785138120000,574.6,574.8,574.5,574.7,2747
1785138300000,574.8,575,574.8,575,3181
1785138480000,574.9,575,574.8,574.9,557
1785138660000,574.9,574.9,574.7,574.7,829
1785138840000,574.8,574.8,574.5,574.5,1910
1785139020000,574.6,574.6,574.3,574.5,20322
1785139200000,574.5,574.7,574.2,574.5,25857
1785139380000,574.6,574.6,574.3,574.5,4328
1785139560000,574.4,574.6,574.4,574.5,896
1785139740000,574.4,574.4,574,574,5342
1785139920000,574,574.4,574,574.4,6715
1785140100000,574.3,574.6,573.9,574.6,8423
1785140280000,574.7,574.7,574.6,574.7,1734
1785140460000,574.7,574.7,574.3,574.5,7195
1785140640000,574.4,574.6,574.4,574.6,1742
1785140820000,574.6,574.8,574.6,574.8,3230
1785141000000,574.7,574.9,574.7,574.9,1048
1785141180000,574.9,574.9,574.5,574.5,4206
1785141360000,574.6,574.9,574.5,574.5,4429
1785141540000,574.6,574.6,574.3,574.3,2238
1785141720000,574.3,574.5,574.3,574.4,6319
1785141900000,574.4,574.5,574.2,574.2,838
1785142080000,574.1,574.3,573.7,573.7,10106
1785142260000,573.8,573.8,573.2,573.3,34627
1785142440000,573.3,573.5,573.2,573.4,3788
1785142620000,573.4,573.5,573.3,573.3,5427
1785142800000,573.3,573.3,572.2,572.5,11805
1785142980000,572.4,572.5,572.1,572.2,6801
1785143160000,572.2,572.2,571.9,572,15360
1785143340000,572,572.1,571.8,571.9,49371
1785143520000,571.9,572.2,571.5,571.6,32697
1785143700000,571.6,571.8,571.6,571.8,21354
1785143880000,571.8,571.9,571.5,571.9,10182
1785144060000,571.9,572.1,571.8,572.1,8046
1785144240000,572.2,572.2,572.1,572.1,1644
1785144420000,572.1,572.3,572,572.2,12046
1785144600000,572.1,572.2,571.9,572.2,6815
1785144780000,572.2,572.6,572.1,572.6,18138
1785144960000,572.5,572.6,572.4,572.4,9327
1785145140000,572.4,572.6,572.4,572.5,9865
1785145320000,572.6,572.7,572.6,572.6,1759
1785145500000,572.7,572.8,572.6,572.7,6300
1785145680000,572.7,573,572.7,572.7,3951
1785145860000,572.7,572.8,572.5,572.5,6361
1785146040000,572.6,572.6,572.3,572.4,1839
1785146220000,572.5,572.5,572.3,572.4,11537
1785146400000,572.5,572.5,572.1,572.1,7071
1785146580000,572.2,572.3,572,572,6145
1785146760000,572.1,572.2,572,572.2,4986
1785146940000,572.2,572.3,572,572,3593
1785147120000,572,572.1,572,572,13314
1785147300000,572.1,572.3,572,572.2,2726
1785147480000,572.2,572.3,572,572.2,3421
1785147660000,572.1,572.4,572.1,572.3,2149
1785147840000,572.4,572.5,572.4,572.4,2360
1785148020000,572.4,572.4,572.3,572.4,10370
1785148200000,572.5,573.1,572.4,573,6532
1785148380000,573.1,573.1,573,573.1,1809
1785148560000,573.2,573.5,573,573.1,4596
1785148740000,573.1,573.2,572.6,573.1,43988
1785148920000,573.1,573.7,573.1,573.7,7174
1785149100000,573.7,573.9,573.3,573.3,2718
1785149280000,573.4,573.4,573.2,573.3,1696
1785149460000,573.3,573.4,573.3,573.3,5674
1785149640000,573.3,573.3,573.2,573.3,150
1785149820000,573.3,573.5,573.2,573.4,10112
1785150000000,573.4,573.5,573.2,573.3,6162
1785150180000,573.3,573.7,573.1,573.3,63359
1785150360000,573.2,573.5,573.2,573.4,4686
1785150540000,573.4,573.4,573.2,573.3,2776
1785150720000,573.3,573.3,573.2,573.2,5040
1785150900000,573.2,573.3,573.1,573.3,2566
1785151080000,573.3,573.4,573.2,573.4,2198
1785151260000,573.5,573.5,573.3,573.3,12000
1785151440000,573.3,573.4,572.4,572.5,29001
1785151620000,572.4,573,572.4,572.4,7693
1785151800000,572.5,572.9,572.5,572.7,2937
1785151980000,572.7,572.9,572.7,572.8,1966
1785152160000,572.8,573,572.8,572.9,1341
1785152340000,572.9,573.1,572.9,572.9,2143
1785152520000,573,573.1,572.8,572.8,5287
1785152700000,572.8,572.8,572.6,572.6,4051
1785152880000,572.6,572.9,572.6,572.8,4167
1785153060000,572.8,572.9,572.7,572.8,2921
1785153240000,572.7,572.9,572.7,572.7,1125
1785153420000,572.8,572.9,572.7,572.8,1368
1785153600000,572.7,573.3,572.7,573.3,3120
1785153780000,573.3,573.5,573.3,573.4,3519
1785153960000,573.4,573.5,573.3,573.3,1460
1785154140000,573.4,573.5,573.2,573.3,5412
1785154320000,573.4,573.4,572.5,572.6,2244
1785154500000,572.5,572.9,572.4,572.4,9793
1785154680000,572.5,572.5,571.9,572.1,22319
1785154860000,572.1,572.1,571.8,572.1,8513
1785155040000,572.1,572.1,571.8,571.9,4297
1785155220000,572,572,571.8,571.8,1578
1785155400000,571.8,571.9,570.9,571.1,23050
1785155580000,571.2,571.2,570.6,571,12137
1785155760000,571,571.7,570.9,571.6,2814
1785155940000,571.6,572.3,571.6,572.3,4838
1785156120000,572.3,572.4,572.3,572.3,926
1785156300000,572.3,573.1,572.3,573,4526
1785156480000,573,573.5,573,573.1,26555
1785156660000,573.2,573.2,572.7,573,3848
1785156840000,572.9,573.1,572.9,573,337
1785157020000,573.1,573.3,573,573.3,644
1785157200000,573.4,573.8,573.2,573.8,13014
1785157380000,573.7,573.8,573.6,573.7,27018
1785157560000,573.7,574.1,573.7,574.1,7293
1785157740000,574.1,574.2,573.8,574,9275
1785157920000,574.1,574.3,573.6,573.6,3047
1785158100000,573.7,574,573.6,573.7,4614
1785158280000,573.7,573.9,573.5,573.5,4458
1785158460000,573.4,573.4,573.1,573.4,6682
1785158640000,573.4,573.4,572.9,572.9,3518
1785158820000,572.9,573,572.5,572.6,8216
1785159000000,572.6,573.2,572.5,572.7,13761
1785159180000,572.7,574.2,572.6,574.2,9605
1785159360000,574.2,574.9,574.2,574.9,14754
1785159540000,574.9,576.6,574.8,576.6,78016
1785159720000,576.6,576.7,575.9,576.6,47734
1785159900000,576.6,576.8,575.8,575.9,48261
1785160080000,575.8,576.7,575.8,576.1,13891
1785160260000,576.2,576.5,575.2,575.2,20289
1785160440000,575.2,575.5,574.5,574.5,14408
1785160620000,574.6,574.8,573.9,574.4,83601
1785160800000,574.4,574.6,573.7,574.6,17339
1785160980000,574.5,574.8,573.9,574.3,37773
1785161160000,574.2,574.7,573.4,574.7,33974
1785161340000,574.7,575.1,573.7,574.2,19264
1785161520000,574.1,574.8,574.1,574.5,12905
1785161700000,574.5,574.7,573.5,573.5,9075
1785161880000,573.4,573.5,571.4,571.4,36980
1785162060000,571.3,572.3,570.9,571.2,42386
1785162240000,571.3,571.8,571.1,571.3,29845
1785162420000,571.2,571.2,569.2,569.3,103973
1785162600000,569.3,569.5,566.8,568.2,281338
1785162780000,568.2,568.4,567.1,567.7,35338
1785162960000,567.7,568.1,565.7,566.6,271622
1785163140000,566.6,567.3,566.2,566.8,48354
1785163320000,566.8,567.3,565.3,565.6,53602
1785163500000,565.5,566.7,565.5,566.6,24422
1785163680000,566.6,567.5,566.4,567.3,24920
1785163860000,567.3,567.4,566.5,566.5,23136
1785164040000,566.5,567.4,566.3,567.3,18857
1785164220000,567.2,567.6,567.1,567.5,12639
1785164400000,567.4,567.6,567,567.3,56757
1785164580000,567.3,567.7,567.1,567.7,116539
1785164760000,567.7,567.8,566.8,567,11655
1785164940000,567,567.1,566.5,566.8,9614
1785165120000,566.7,567.9,566.7,567.7,14224
1785165300000,567.7,567.8,566.9,566.9,14563
1785165480000,567,568.1,566.7,568,21188
1785165660000,568,568.1,567.2,567.3,18774
1785165840000,567.4,567.7,567.1,567.7,16131
1785166020000,567.6,569.2,567.6,569.2,51938
1785166200000,569.1,570.2,568.9,568.9,60128
1785166380000,568.8,569,568.1,568.3,13830
1785166560000,568.2,568.3,567,567.8,26128
1785166740000,567.7,568.4,567.7,568,17644
1785166920000,568,568.6,568,568.3,13965
1785167100000,568.4,568.4,567.9,568,19037
1785167280000,568.1,568.4,568,568.2,8483
1785167460000,568.1,568.5,568.1,568.5,13159
1785167640000,568.4,568.4,568.1,568.4,2123
1785167820000,568.3,568.4,568.1,568.2,8867
1785168000000,568.2,568.4,567.6,567.6,24898
1785168180000,567.6,568.4,567.6,568.3,16079
1785168360000,568.2,568.8,567.8,568.8,11439
1785168540000,568.7,568.9,568.6,568.8,4509
1785168720000,568.8,569,568.6,568.7,4802
1785168900000,568.7,569.2,568.1,569.2,9420
1785169080000,569.1,569.5,569.1,569.3,6274
1785169260000,569.3,569.6,569.1,569.2,8865
1785169440000,569.2,570.9,569.2,570.5,57109
1785169620000,570.5,571,570.5,570.7,14991
1785169800000,570.7,571.6,570.7,571.2,23918
1785169980000,571.2,572.1,571.1,572,14576
1785170160000,572,572,571.4,571.5,10283
1785170340000,571.5,571.7,571.4,571.6,8179
1785170520000,571.6,571.7,571.5,571.5,4331
1785170700000,571.5,572,571.5,572,19565
1785170880000,572,572.1,571.6,571.6,9566
1785171060000,571.6,571.7,571.1,571.1,4259
1785171240000,571.1,571.1,570.8,571,10649
1785171420000,571,571.6,571,571.4,9087
1785171600000,571.4,572.1,571.3,571.3,12579
1785171780000,571.2,571.3,571.1,571.2,3918
1785171960000,571.2,571.7,571.2,571.4,5367
1785172140000,571.4,571.7,571.3,571.7,461
1785172320000,571.6,572,571.6,572,5539
1785172500000,571.9,572.3,571.8,572.1,9671
1785172680000,572.1,572.9,571.8,572.9,7079
1785172860000,572.9,573.3,572.8,573.1,28440
1785173040000,573.1,573.6,572.9,573.6,22901
1785173220000,573.6,574,573.4,573.4,16952
1785173400000,573.4,574.1,573.4,574,26283
1785173580000,574.1,574.4,573.8,574.3,15210
1785173760000,574.3,574.3,573.7,574,13031
1785173940000,574,574.2,573.8,574.2,5782
1785174120000,574.1,574.2,573.8,573.8,4462
1785174300000,573.9,574,573.6,573.9,5604
1785174480000,574,574.1,573.9,574,3507
1785174660000,574.1,574.1,573.8,573.8,11532
1785174840000,573.8,574.3,573.7,574.3,8962
1785175020000,574.3,574.6,574.3,574.4,42474
1785175200000,574.5,574.8,574.2,574.2,19080
1785175380000,574.2,574.4,574.1,574.3,59488
1785175560000,574.2,574.4,574.2,574.3,4799
1785175740000,574.3,574.4,574.2,574.4,8498
1785175920000,574.4,574.6,574.3,574.4,21745
1785176100000,574.3,574.4,573.5,574,46105
1785176280000,574,574,573.4,573.6,8274
1785176460000,573.6,574,573.5,573.9,1745
1785176640000,573.9,574.4,573.8,574.4,5886
1785176820000,574.4,574.9,574.3,574.9,29266
1785177000000,574.9,575,574.8,574.9,10578
1785177180000,574.9,575,574.1,574.3,13973
1785177360000,574.2,574.3,574.1,574.2,4552
1785177540000,574.2,574.4,573.4,574.3,147429
1785177720000,574.4,574.5,573.8,573.9,9233
1785177900000,573.9,574,573.3,573.3,9556
1785178080000,573.3,573.5,573,573.2,9754
1785178260000,573.2,574.5,573.2,574.4,7307
1785178440000,574.5,575.3,574.4,575.1,59460
1785178620000,575.2,575.3,575.1,575.2,11134
1785178800000,575.2,575.4,574.8,574.9,45028
1785178980000,574.8,575.1,574.5,574.5,103400
1785179160000,574.6,575.7,574.5,575.5,25718
1785179340000,575.6,576,575.3,575.4,28935
1785179520000,575.3,575.6,575.2,575.3,21480
1785179700000,575.2,575.4,574.9,575.1,6656
1785179880000,575.1,575.3,574.9,575.2,3394
1785180060000,575.2,575.4,574.9,575.1,16199
1785180240000,575.1,575.1,574.7,574.7,5096
1785180420000,574.8,574.9,574.7,574.9,1461
1785180600000,574.9,575.1,574.6,575.1,12132
1785180780000,575,575.7,575,575.7,5036
1785180960000,575.7,575.7,575,575.1,29432
1785181140000,575.1,575.3,575,575.3,599
1785181320000,575.3,575.3,575.2,575.3,242
1785181500000,575.2,575.8,575.2,575.7,56269
1785181680000,575.8,575.9,575.4,575.4,18570
1785181860000,575.4,575.9,575.4,575.7,10187
1785182040000,575.7,575.7,575.4,575.6,1535
1785182220000,575.5,575.5,575.3,575.4,16505
1785182400000,575.5,575.7,575.4,575.6,25012
1785182580000,575.5,575.6,575.1,575.3,19270
1785182760000,575.4,575.4,575.1,575.2,5573
1785182940000,575.2,575.4,575.1,575.4,17687
1785183120000,575.3,575.5,575.3,575.5,12606
1785183300000,575.4,575.5,575,575.1,7328
1785183480000,575.1,575.2,574.9,575.2,10979
1785183660000,575.2,575.2,575,575.2,8161
1785183840000,575.3,575.6,575.2,575.6,2191
1785184020000,575.6,575.6,575.4,575.5,3675
1785184200000,575.4,575.4,575,575.2,5651
1785184380000,575.1,575.3,575,575.2,6060
1785184560000,575.2,575.2,574.9,574.9,2358
1785184740000,575,575,574.5,574.6,19529
1785184920000,574.5,574.5,574.4,574.4,554
1785185100000,574.4,574.5,574.2,574.3,1688
1785185280000,574.3,574.3,573.9,574.1,34759
1785185460000,574,574.2,574,574.2,5840
1785185640000,574.1,574.3,574.1,574.3,2608
1785185820000,574.2,574.3,574.2,574.2,896
1785186000000,574.2,574.4,574,574.4,27521
1785186180000,574.5,574.5,574.2,574.2,13568
1785186360000,574.2,574.4,574.2,574.3,3105
1785186540000,574.3,574.7,574.3,574.6,15628
1785186720000,574.6,574.9,574.4,574.4,42005
1785186900000,574.5,574.5,574,574,4349
1785187080000,574,574.2,573.9,574.1,2317
1785187260000,574,574.1,574,574.1,846
1785187440000,574.1,574.1,573.7,573.7,3100
1785187620000,573.7,573.8,573.3,573.3,5535
1785187800000,573.3,573.4,573,573.3,13987
1785187980000,573.3,573.4,573.2,573.3,1875
1785188160000,573.3,573.5,573.2,573.4,7291
1785188340000,573.4,573.5,573.1,573.2,3924
1785188520000,573.2,573.5,573.2,573.5,5170
1785188700000,573.4,573.5,573.4,573.4,8646
1785188880000,573.4,573.4,573.1,573.2,4229
1785189060000,573.3,573.5,573.3,573.5,768
1785189240000,573.4,573.6,573.4,573.5,1813
1785189420000,573.5,573.7,573.5,573.7,2346
1785189600000,573.8,573.8,572.6,572.7,29635
1785189780000,572.8,573,572.8,572.9,7597
1785189960000,572.9,573.1,572.8,573.1,5835
1785190140000,573.1,573.4,573.1,573.3,6193
1785190320000,573.3,573.3,573.2,573.3,11482
1785190500000,573.4,573.5,573.3,573.4,9726
1785190680000,573.4,573.7,572.9,572.9,5874
1785190860000,572.9,572.9,572.6,572.6,12399
1785191040000,572.6,572.6,572,572.2,11309
1785191220000,572.2,572.2,572.1,572.1,3445
1785191400000,572.1,572.1,571.8,571.9,8079
1785191580000,572,572,571.5,571.8,8204
1785191760000,571.8,571.9,571.1,571.1,21158
1785191940000,571.1,571.2,568.5,568.9,124570
1785192120000,568.8,569,568.3,568.5,20587
1785192300000,568.6,568.6,567.2,568,64670
1785192480000,567.9,568.6,566.6,567.1,100032
1785192660000,567.1,567.3,566.8,566.8,12704
1785192840000,566.8,567.5,566.8,567.3,6060
1785193020000,567.3,567.3,565.3,566.2,87334
1785193200000,566.1,566.3,565.2,565.8,69026
1785193380000,565.7,566.4,565,566.2,102914
1785193560000,566.3,566.7,565.3,565.5,55865
1785193740000,565.5,565.7,565.2,565.5,30330
1785193920000,565.6,566.7,565.6,566.6,23624
1785194100000,566.6,566.7,565.9,566.6,10485
1785194280000,566.5,567.8,566.5,567.7,16712
1785194460000,567.6,567.8,567.1,567.1,8394
1785194640000,567.2,567.3,566.7,567.2,25856
1785194820000,567.2,567.6,567.1,567.4,8653
1785195000000,567.3,567.7,567.2,567.5,6402
1785195180000,567.4,567.4,567,567,20036
1785195360000,567,567,566.7,566.8,21195
1785195540000,566.7,566.7,565.8,565.8,52902
1785195720000,565.8,565.8,565.2,565.3,31860
1785195900000,565.3,565.5,565.1,565.3,27607
1785196080000,565.3,565.6,565.2,565.4,23212
1785196260000,565.4,565.8,565.4,565.8,18575
1785196440000,565.8,565.8,565.6,565.8,32881
1785196620000,565.9,565.9,565.7,565.9,2096
1785196800000,565.9,566.2,565.5,565.6,40152
1785196980000,565.6,565.8,565.1,565.1,96425
1785197160000,565,565.3,565,565,41406
1785197340000,565,565.4,564.4,565.1,82380
1785197520000,565.1,565.6,564.9,565.6,15778
1785197700000,565.6,566.2,565.6,566.2,13582
1785197880000,566.2,566.8,566.2,566.6,5368
1785198060000,566.5,566.6,565.5,565.5,14551
1785198240000,565.5,565.6,565.3,565.3,41951
1785198420000,565.3,566,565,565.9,4925
1785198600000,565.9,566,565.2,565.5,3432
1785198780000,565.5,566.5,565.5,566.5,22733
1785198960000,566.5,566.7,566.3,566.6,2710
1785199140000,566.6,566.9,566.3,566.6,15225
1785199320000,566.5,566.8,566.3,566.3,9089
1785199500000,566.3,566.3,565.9,566,9570
1785199680000,565.9,565.9,565.1,565.3,13064
1785199860000,565.4,565.6,565.2,565.4,3189
1785200040000,565.3,565.6,565,565.5,3152
1785200220000,565.4,565.7,565.2,565.3,2145
1785200400000,565.4,565.7,565.3,565.6,23263
1785200580000,565.6,565.9,564.9,565,20482
1785200760000,564.9,564.9,561.8,562.6,186817
1785200940000,562.7,564,562.7,564,30739
1785201120000,564,564.4,563.5,564.1,13554
1785201300000,564.1,564.8,563.4,563.8,41756
1785201480000,563.8,564,563.4,564,21592
1785201660000,564,564.7,564,564.3,3294
1785201840000,564.4,565.1,564.3,565.1,12581
1785202020000,565,565.5,564.9,565.5,17368
1785202200000,565.4,565.9,565.2,565.7,15726
1785202380000,565.6,566.1,565.5,565.6,4975
1785202560000,565.6,565.7,565.3,565.5,6299
1785202740000,565.4,565.4,564.8,564.8,8859
1785202920000,564.8,565.3,564.8,564.9,64059
1785203100000,564.9,565.3,564.7,565,3787
1785203280000,564.9,565.3,564.9,565.2,3992
1785203460000,565.1,565.2,564.3,564.7,16091
1785203640000,564.6,564.9,564.4,564.9,9137
1785203820000,564.8,564.9,564.6,564.7,7528
1785204000000,564.7,564.8,564.4,564.6,36354
1785204180000,564.5,564.5,563.8,563.8,145940
1785204360000,563.8,564.7,563.8,564.6,19886
1785204540000,564.6,564.9,564.5,564.8,10649
1785204720000,564.8,565,564.4,564.5,16630
1785204900000,564.5,564.6,564.3,564.6,14329
1785205080000,564.6,565.2,564.5,565.2,5052
1785205260000,565.2,565.4,565.2,565.2,11151
1785205440000,565.2,565.3,564.9,564.9,4825
1785205620000,564.9,565,564.8,564.9,2422
1785205800000,564.8,565,564.7,564.7,11769
1785205980000,564.7,564.9,564.5,564.9,3494
1785206160000,564.8,564.9,564.4,564.6,8105
1785206340000,564.5,564.8,564.4,564.5,34403
1785206520000,564.5,564.5,564.1,564.3,10794
1785206700000,564.4,564.4,564.1,564.1,17509
1785206880000,564.1,564.6,564.1,564.4,6885
1785207060000,564.3,564.8,564.3,564.8,3388
1785207240000,564.7,564.8,564.5,564.7,3542
1785207420000,564.7,564.9,564.7,564.9,4424
1785207600000,564.9,565.1,564.5,564.9,38353
1785207780000,564.8,565,564.6,564.7,9033
1785207960000,564.8,565.1,564.6,565,14704
1785208140000,564.9,565,564.6,565,9168
1785208320000,564.9,565.3,564.9,565.3,15761
1785208500000,565.2,565.4,565,565.3,5635
1785208680000,565.3,565.8,565.3,565.8,13750
1785208860000,565.7,566,565.6,566,3761
1785209040000,566,566,565.8,565.9,934
1785209220000,565.9,565.9,565.7,565.9,28093
1785209400000,565.8,565.9,565.3,565.9,5017
1785209580000,565.8,566.3,565.8,566.1,4485
1785209760000,566,566.3,565.9,566.2,3984
1785209940000,566.2,566.3,566.1,566.3,3602
1785210120000,566.3,566.4,566.2,566.4,859
1785210300000,566.4,566.5,566.2,566.2,3293
1785210480000,566.2,566.4,566.2,566.3,6227
1785210660000,566.2,566.4,566.1,566.4,4518
1785210840000,566.3,566.3,566,566,1947
1785211020000,566,566.2,565.9,566.2,4024
1785211200000,566.2,566.2,565.9,566,2519
1785211380000,566,566,565.7,565.8,7882
1785211560000,565.8,566.4,565.8,566.2,20876
1785211740000,566.3,566.3,565.9,566,7524
1785211920000,565.9,565.9,565.5,565.6,22678
1785212100000,565.6,565.7,565,565.1,5004
1785212280000,565,565.5,564.9,565.2,4250
1785212460000,565.2,565.3,565.1,565.3,824
1785212640000,565.2,565.3,565.1,565.1,5760
1785212820000,565.2,565.2,565,565,1750
1785213000000,565,565,564.7,564.8,5013
1785213180000,564.8,564.8,564.7,564.8,5661
1785213360000,564.8,564.9,564.6,564.7,14648
1785213540000,564.7,564.8,564.6,564.8,596
1785213720000,564.8,565,564.7,564.9,642
1785213900000,564.9,565.3,564.9,565.3,2127
1785214080000,565.2,565.3,564.9,565,1911
1785214260000,565,565.1,564.9,565.1,823
1785214440000,565,565.2,565,565.1,2276
1785214620000,565.2,565.2,564.6,564.7,7122
1785214800000,564.6,565.2,564.6,565.1,32775
1785214980000,565.2,565.4,565.2,565.4,5865
1785215160000,565.4,565.6,565.1,565.2,11149
1785215340000,565.2,565.4,565.1,565.2,3208
1785215520000,565.1,565.2,565,565.1,4663
1785215700000,565.1,565.7,565.1,565.6,11001
1785215880000,565.6,565.9,565.5,565.7,4538
1785216060000,565.7,566,565.6,565.7,6031
1785216240000,565.6,565.7,565.6,565.7,1516
1785216420000,565.7,565.8,565.6,565.7,8284
1785216600000,565.8,566,565.7,565.7,10599
1785216780000,565.6,565.8,565.2,565.3,16474
1785216960000,565.2,565.5,565.2,565.5,5411
1785217140000,565.4,566.1,565.4,566.1,3331
1785217320000,566,566.3,566,566.3,11411
1785217500000,566.3,566.5,566.3,566.3,13243
1785217680000,566.2,566.3,566,566,1200
1785217860000,566.1,566.1,566,566,1307
1785218040000,565.9,566,565.6,565.7,3268
1785218220000,565.7,565.7,565.3,565.3,23991
1785218400000,565.3,565.3,564.8,564.8,17423
1785218580000,564.8,564.8,564.5,564.5,15380
1785218760000,564.4,564.5,564.3,564.4,6246
1785218940000,564.5,564.8,564.3,564.3,9844
1785219120000,564.4,564.4,564.1,564.2,7945
1785219300000,564.2,564.6,564.2,564.5,54167
1785219480000,564.5,564.6,564.4,564.6,2893
1785219660000,564.5,564.9,564.5,564.5,3997
1785219840000,564.5,564.8,564.5,564.7,3329
1785220020000,564.6,564.6,564.4,564.4,878
1785220200000,564.5,564.7,564.4,564.6,2605
1785220380000,564.5,564.7,564.4,564.7,2025
1785220560000,564.6,564.8,564.4,564.5,10265
1785220740000,564.5,564.7,564.5,564.6,6276
1785220920000,564.6,564.8,564.5,564.7,21013
1785221100000,564.6,564.7,564.6,564.7,3108
1785221280000,564.6,565.1,564.6,565,12953
1785221460000,564.9,565,564.9,564.9,1325
1785221640000,565,565.2,564.9,565.2,1499
1785221820000,565.1,565.2,565.1,565.2,1842
1785222000000,565.2,565.3,565.2,565.2,3566
1785222180000,565.3,565.4,565.2,565.2,5961
1785222360000,565.2,565.2,565.1,565.1,2233
1785222540000,565.1,565.2,564.9,565,2885
1785222720000,565,565,564.8,565,3662
1785222900000,565,565.1,564.9,565.1,4464
1785223080000,565,565.2,564.9,564.9,3895
1785223260000,564.9,564.9,564.8,564.9,1780
1785223440000,564.9,565.1,564.8,565,2188
1785223620000,565.1,565.1,564.9,565,2208
1785223800000,565,565.2,564.9,565.2,3234
1785223980000,565.1,565.6,565.1,565.6,19007
1785224160000,565.6,565.6,565.2,565.3,3135
1785224340000,565.3,565.7,565.2,565.4,6433
1785224520000,565.3,565.4,565.3,565.4,171
1785224700000,565.3,565.3,564.8,564.8,2471
1785224880000,564.7,564.8,564.5,564.8,45978
1785225060000,564.8,565.3,564.7,565.1,39706
1785225240000,565,565.3,565,565.3,9959
1785225420000,565.3,565.5,565.2,565.5,4042
1785225600000,565.5,565.5,565,565.5,11044
1785225780000,565.4,565.6,565.4,565.6,4579
1785225960000,565.5,565.7,565.5,565.5,3406
1785226140000,565.5,565.5,564.9,565,2033
1785226320000,564.9,565,564.9,564.9,1257
1785226500000,564.9,565,564.6,564.6,2502
1785226680000,564.6,565,564.6,565,1484
1785226860000,564.9,564.9,564.5,564.8,3018
1785227040000,564.7,564.9,564.7,564.7,6310
1785227220000,564.8,565,564.8,565,800
1785227400000,564.9,564.9,564.7,564.7,975
1785227580000,564.8,565,564.6,565,1424
1785227760000,564.9,565.2,564.9,565.2,455
1785227940000,565.3,565.7,565.2,565.7,3056
1785228120000,565.6,565.6,565.4,565.6,8518
1785228300000,565.6,565.7,565.6,565.7,410
1785228480000,565.7,565.7,565.6,565.6,473
1785228660000,565.7,565.7,565.1,565.1,4635
1785228840000,565.1,565.1,564.8,564.9,1194
1785229020000,564.8,565.1,564.8,565.1,3665
1785229200000,565,565.2,564.9,565.1,9710
1785229380000,565,565,564.8,564.8,8386
1785229560000,564.8,565.1,564.8,565.1,5965
1785229740000,565.1,565.4,565.1,565.4,1415
1785229920000,565.3,565.6,565.3,565.6,12417
1785230100000,565.6,565.8,565.6,565.8,546
1785230280000,565.8,565.9,565.6,565.9,3453
1785230460000,565.9,566,565.8,565.9,1839
1785230640000,566,566,565.9,565.9,446
1785230820000,565.9,565.9,565.8,565.9,3456
1785231000000,566,566.3,565.9,566.2,2476
1785231180000,566.3,566.4,566.2,566.2,2680
1785231360000,566.2,566.4,566,566.4,14336
1785231540000,566.4,566.7,566.3,566.5,14845
1785231720000,566.6,566.7,566.5,566.6,5513
1785231900000,566.7,566.8,566.6,566.8,3886
1785232080000,566.8,567.2,566.7,567.2,6088
1785232260000,567.2,567.2,566.5,566.5,16140
1785232440000,566.5,566.5,565.5,565.6,15736
1785232620000,565.6,565.7,565.3,565.6,23860
1785232800000,565.6,565.7,565.4,565.7,5168
1785232980000,565.7,565.8,565.3,565.3,2842
1785233160000,565.3,565.3,565.1,565.1,3229
1785233340000,565.1,565.5,565,565.5,6423
1785233520000,565.5,565.5,565.2,565.2,1832
1785233700000,565.3,565.9,565.3,565.9,11431
1785233880000,565.9,566.2,565.9,566.2,958
1785234060000,566.2,566.2,565.7,565.8,3515
1785234240000,565.8,566.2,565.3,565.4,12413
1785234420000,565.4,566.2,565.4,566.1,1251
1785234600000,566.1,566.4,566.1,566.2,7998
1785234780000,566.2,566.5,566,566.1,13378
1785234960000,566.1,566.5,566,566.3,7727
1785235140000,566.3,566.4,566.2,566.2,473
1785235320000,566.3,566.5,566.2,566.5,3431
1785235500000,566.4,566.6,566.4,566.6,6427
1785235680000,566.5,566.5,566.1,566.4,7473
1785235860000,566.3,566.4,566.1,566.2,1599
1785236040000,566.1,566.1,566,566,1020
1785236220000,566,566,565.4,565.4,4696
1785236400000,565.3,565.8,565.3,565.4,12331
1785236580000,565.3,565.4,565.1,565.2,14552
1785236760000,565.2,565.4,565,565.4,8059
1785236940000,565.3,565.4,565.2,565.3,7553
1785237120000,565.3,565.4,565.2,565.3,5437
1785237300000,565.3,565.7,565.2,565.6,14617
1785237480000,565.5,566.7,565.5,566.3,14371
1785237660000,566.3,566.3,565.6,565.7,8649
1785237840000,565.6,565.6,565.3,565.5,1227
1785238020000,565.5,565.5,565.2,565.5,22469
1785238200000,565.5,565.7,565.3,565.6,6945
1785238380000,565.6,566,565.6,566,9066
1785238560000,566.1,566.8,566.1,566.3,15034
1785238740000,566.3,566.3,565.7,565.7,7258
1785238920000,565.7,565.9,565.4,565.8,30664
1785239100000,565.8,566.1,565.8,566.1,2560
1785239280000,566.2,566.4,566.2,566.3,5701
1785239460000,566.3,566.5,566.3,566.5,1387
1785239640000,566.5,566.7,566.5,566.6,641
1785239820000,566.7,566.9,566.6,566.6,4376
1785240000000,566.6,566.6,566.2,566.2,3612
1785240180000,566.3,566.7,566.2,566.7,4321
1785240360000,566.8,567.1,566.7,567.1,8360
1785240540000,567.1,567.1,566.8,567,4709
1785240720000,566.9,567.1,566.8,567.1,9557
1785240900000,567.1,567.1,566.9,567.1,584
1785241080000,567,567.2,567,567.2,2653
1785241260000,567.1,567.2,567,567.1,1584
1785241440000,567.1,567.2,567,567.1,2337
1785241620000,567.2,567.4,567,567.2,12378
1785241800000,567.2,567.2,567,567.2,4147
1785241980000,567.2,567.2,566.6,567.2,67132
1785242160000,567.3,567.3,567.1,567.1,2832
1785242340000,567.1,567.2,567,567.2,8116
1785242520000,567.2,567.7,567.2,567.6,29401
1785242700000,567.6,568.5,567.4,568.2,82679
1785242880000,568.2,568.2,567.8,567.9,10023
1785243060000,567.9,568.1,567.8,567.8,3256
1785243240000,567.8,568.1,567.7,568,3896
1785243420000,568,568.4,568,568.2,35023
1785243600000,568.1,568.4,568.1,568.4,5496
1785243780000,568.4,568.4,568.1,568.4,12118
1785243960000,568.4,568.9,568.4,568.8,53793
1785244140000,568.8,568.9,568.3,568.4,11911
1785244320000,568.3,568.7,568.3,568.6,12993
1785244500000,568.6,568.7,568.1,568.2,19383
1785244680000,568.1,568.3,567.9,567.9,11601
1785244860000,568,568,567.3,567.4,3936
1785245040000,567.3,567.4,567,567.2,18187
1785245220000,567.1,567.1,566.7,566.8,29021
1785245400000,566.8,567.2,565.4,566.3,28773
1785245580000,566.3,567.1,566.1,567.1,40089
1785245760000,567.2,567.2,565.1,565.1,18928
1785245940000,565.1,565.4,563.8,565.2,92252
1785246120000,565.3,565.5,564.9,564.9,31056
1785246300000,564.8,565,563.1,563.6,40376
1785246480000,563.6,565.3,563.6,565.2,28657
1785246660000,565.2,565.8,565,565.1,8889
1785246840000,565,565.4,564.8,565.4,30008
1785247020000,565.5,565.5,565,565.3,10936
1785247200000,565.3,566.2,565.3,565.6,37469
1785247380000,565.7,566.5,565.5,566.5,5965
1785247560000,566.5,567,565.9,566.2,16375
1785247740000,566.1,566.4,565.7,566.3,8094
1785247920000,566.3,566.5,565.8,565.8,11257
1785248100000,565.9,566.2,564.7,564.7,24017
1785248280000,564.8,564.9,564.3,564.8,29501
1785248460000,564.7,565.6,564.5,565.6,49365
1785248640000,565.7,565.9,565.5,565.9,9458
1785248820000,565.9,565.9,565.6,565.8,3037
1785249000000,565.8,566.8,565.7,566.4,90891
1785249180000,566.3,566.5,565.8,566.5,7307
1785249360000,566.6,567.5,566.6,567.1,23897
1785249540000,567.1,567.7,566.5,567.7,10568
1785249720000,567.7,567.7,567.3,567.3,12216
1785249900000,567.4,568.1,567.3,568,41650
1785250080000,568,569.1,567.9,569.1,30614
1785250260000,569.1,569.1,568.6,568.8,15192
1785250440000,568.8,569,568.3,568.5,23787
1785250620000,568.6,568.6,568.2,568.3,9478
1785250800000,568.3,568.8,568.1,568.1,12199
1785250980000,568.1,568.2,567.7,567.8,13302
1785251160000,567.9,568.3,567.8,568,6797
1785251340000,568,569,568,568.5,25922
1785251520000,568.5,571.3,568.4,569.7,295905
1785251700000,569.6,570.2,569.6,570,36953
1785251880000,570,571.9,570,571.8,51889
1785252060000,571.8,573.7,571.8,573.3,57132
1785252240000,573.2,575.5,573.2,575.1,109741
1785252420000,575.2,575.6,574,574,45758
1785252600000,574,574.3,573.4,573.5,29690
1785252780000,573.5,574,573.2,573.5,21861
1785252960000,573.5,573.7,573.1,573.4,16231
1785253140000,573.4,573.9,573,573.8,18104
1785253320000,573.7,573.9,573.5,573.8,15017
1785253500000,573.7,573.9,573.6,573.8,27321
1785253680000,573.7,573.7,572.3,572.4,11704
1785253860000,572.3,572.8,572.3,572.8,12329
1785254040000,572.8,572.8,572.2,572.8,13130
1785254220000,572.8,573.2,572.7,573.2,33227
1785254400000,573.2,573.8,572.9,573.3,80823
1785254580000,573.3,573.9,573.3,573.6,101944
1785254760000,573.6,573.6,573.1,573.3,33956
1785254940000,573.3,573.4,573.2,573.4,22108
1785255120000,573.4,573.6,573.4,573.4,6559
1785255300000,573.4,573.6,573.1,573.3,15213
1785255480000,573.2,573.5,572.3,572.3,46155
1785255660000,572.2,572.3,570.9,571.5,55376
1785255840000,571.5,571.6,571.1,571.3,7082
1785256020000,571.3,571.4,571,571.2,6480
1785256200000,571.1,571.3,570.8,571.3,5923
1785256380000,571.3,571.5,571,571.1,9688
1785256560000,571.2,571.3,570.8,571.3,6704
1785256740000,571.3,571.9,571.2,571.9,26998
1785256920000,572,572.2,571.8,572,16006
1785257100000,572.1,572.2,571.7,571.9,18957
1785257280000,572,572.3,571.7,572.3,16587
1785257460000,572.2,572.8,572.2,572.7,6985
1785257640000,572.7,572.7,572.1,572.2,10701
1785257820000,572.1,572.1,571.6,571.6,19037
1785258000000,571.7,571.7,571.3,571.4,3590
1785258180000,571.3,571.3,571.2,571.2,7147
1785258360000,571.2,571.3,570.8,570.8,21036
1785258540000,570.9,570.9,570.2,570.2,24037
1785258720000,570.3,570.4,570.2,570.3,8055
1785258900000,570.2,570.3,569.2,569.2,30852
1785259080000,569.2,569.5,568.8,569.5,17484
1785259260000,569.5,569.7,569.3,569.4,21799
1785259440000,569.4,569.4,568.7,568.7,13129
1785259620000,568.7,569.3,568.7,569,4833
1785259800000,568.9,568.9,568,568.1,39054
1785259980000,568,568.3,567.7,568.3,10807
1785260160000,568.2,568.2,566.8,567.5,59724
1785260340000,567.4,567.9,567.1,567.9,38813
1785260520000,567.8,568,567.5,567.8,14220
1785260700000,567.8,568,567.7,567.8,2947
1785260880000,567.8,568.3,567.6,567.6,22313
1785261060000,567.5,567.9,567.5,567.7,13017
1785261240000,567.7,567.9,567.5,567.9,6108
1785261420000,567.8,568.3,567.8,568.3,4072
1785261600000,568.3,569,568.3,568.8,18708
1785261780000,568.8,569.5,568.8,568.9,23985
1785261960000,568.9,569.1,568.5,568.6,21376
1785262140000,568.5,568.8,568.5,568.6,3838
1785262320000,568.5,568.6,568.3,568.4,8721
1785262500000,568.5,568.8,568.4,568.8,2352
1785262680000,568.7,569,568.7,569,2152
1785262860000,569.1,569.4,569.1,569.3,2702
1785263040000,569.2,569.3,568.9,569,3037
1785263220000,569.1,569.1,569,569.1,2580
1785263400000,569,569.2,568.8,569.1,2416
1785263580000,569.1,569.4,569,569.2,1927
1785263760000,569.3,569.5,569.2,569.3,2802
1785263940000,569.4,569.4,569.1,569.1,422
1785264120000,569.1,569.4,569,569.3,1252
1785264300000,569.3,569.3,568.9,569.2,3138
1785264480000,569.1,569.3,569.1,569.2,24063
1785264660000,569.2,569.3,568.9,569,1878
1785264840000,568.9,569.1,568.9,569.1,188
1785265020000,569.1,569.3,569.1,569.3,5634
1785265200000,569.3,569.7,569.3,569.6,7308
1785265380000,569.6,569.8,569.6,569.7,7665
1785265560000,569.7,569.8,569.3,569.3,4720
1785265740000,569.3,569.7,569.3,569.5,1330
1785265920000,569.5,569.6,569.5,569.6,363
1785266100000,569.6,569.7,569.5,569.6,1494
1785266280000,569.6,569.7,569.5,569.6,2876
1785266460000,569.6,569.9,569.6,569.8,14297
1785266640000,569.7,569.8,569.7,569.7,310
1785266820000,569.8,569.8,569.7,569.8,5617
1785267000000,569.7,570.4,569.7,570.1,16562
1785267180000,570,570.3,570,570.2,3080
1785267360000,570.2,570.3,570.1,570.2,2646
1785267540000,570.1,570.1,570,570,804
1785267720000,570.1,570.1,569.8,569.8,2686
1785267900000,569.8,570.1,569.8,570.1,1939
1785268080000,570.1,570.2,570.1,570.2,1916
1785268260000,570.3,570.6,570.3,570.6,3233
1785268440000,570.6,570.7,570.6,570.6,5207
1785268620000,570.7,570.7,570.6,570.6,96
1785268800000,570.7,571.1,570.7,570.8,16281
1785268980000,570.8,571.5,570.7,571.2,16746
1785269160000,571.1,571.2,570.9,571,10944
1785269340000,571.1,571.3,571,571.2,7824
1785269520000,571.3,571.4,571.2,571.3,3996
1785269700000,571.3,571.3,571,571,9351
1785269880000,571.1,571.3,571,571,992
1785270060000,571,571.1,571,571,959
1785270240000,571.1,571.1,570.6,570.6,9457
1785270420000,570.6,570.8,570.6,570.6,1225
1785270600000,570.6,570.7,570.6,570.7,199
1785270780000,570.8,571,570.7,571,2776
1785270960000,571.1,571.1,570.5,570.6,20200
1785271140000,570.7,570.7,570.6,570.7,1038
1785271320000,570.8,571,570.7,570.7,2444
1785271500000,570.7,570.9,570.7,570.9,5848
1785271680000,570.9,571,570.7,570.7,1074
1785271860000,570.8,571.1,570.8,571.1,2876
1785272040000,571.1,571.2,571,571.1,6399
1785272220000,571.2,571.2,570.7,570.7,11944
1785272400000,570.8,571.3,570.8,571.2,2051
1785272580000,571.3,571.5,571.2,571.5,1831
1785272760000,571.5,571.5,571.2,571.3,5351
1785272940000,571.3,571.4,571.2,571.4,6810
1785273120000,571.4,571.4,570.9,570.9,47403
1785273300000,571,571.1,571,571.1,396
1785273480000,571,571.2,571,571.1,110
1785273660000,571.2,571.3,571.2,571.2,4231
1785273840000,571.3,571.4,571.2,571.3,3345
1785274020000,571.3,571.3,571.2,571.3,1464
1785274200000,571.3,571.3,571,571.1,1289
1785274380000,571,571.3,570.9,571.3,4451
1785274560000,571.3,571.5,571.3,571.4,2207
1785274740000,571.4,571.4,571.3,571.4,5310
1785274920000,571.4,571.5,571.2,571.4,7514
1785275100000,571.5,571.9,571.5,571.7,2912
1785275280000,571.7,571.7,571.6,571.7,23
1785275460000,571.7,571.7,571.7,571.7,1007
1785275640000,571.7,571.7,571.4,571.6,11569
1785275820000,571.6,571.8,571.4,571.4,12364
1785276000000,571.4,571.4,571.1,571.3,4893
1785276180000,571.4,571.7,571.4,571.7,3524
1785276360000,571.6,571.6,571.4,571.5,3009
1785276540000,571.5,571.5,571.1,571.2,10445
1785276720000,571.3,571.3,570.7,570.8,6896
1785276900000,570.8,570.8,570.7,570.7,1666
1785277080000,570.8,570.8,570.3,570.5,9905
1785277260000,570.5,570.5,570.3,570.3,445
1785277440000,570.4,570.4,570.1,570.2,5472
1785277620000,570.2,570.4,570.1,570.4,14254
1785277800000,570.4,570.4,569.6,569.6,27781
1785277980000,569.6,569.6,569.3,569.3,2658
1785278160000,569.4,569.7,569.4,569.5,4380
1785278340000,569.6,569.7,569.4,569.6,1659
1785278520000,569.6,569.7,569.4,569.4,2192
1785278700000,569.5,569.5,568.9,568.9,1932
1785278880000,569,569,568.7,568.8,6808
1785279060000,568.9,568.9,568.3,568.5,13561
1785279240000,568.6,569,568.5,568.9,2268
1785279420000,569,569,568.5,568.5,2392
1785279600000,568.5,568.6,568.1,568.2,13809
1785279780000,568.1,568.2,567.9,568,17855
1785279960000,568,568.2,568,568.1,7292
1785280140000,568.1,568.2,567.9,568.1,12605
1785280320000,568,568.4,568,568.3,6911
1785280500000,568.4,568.4,568.1,568.2,2754
1785280680000,568.1,568.6,568.1,568.4,8351
1785280860000,568.4,568.7,568.4,568.5,1809
1785281040000,568.5,568.6,568.2,568.5,6368
1785281220000,568.5,568.7,568.5,568.7,1180
1785281400000,568.7,569.3,568.7,569.2,1377
1785281580000,569.3,569.5,569.2,569.5,4569
1785281760000,569.4,569.5,569.2,569.4,5854
1785281940000,569.5,569.7,569.4,569.6,4698
1785282120000,569.7,570,569.4,570,7856
1785282300000,569.9,570.4,569.9,570.4,2891
1785282480000,570.4,570.5,570.4,570.4,3260
1785282660000,570.5,570.8,570.5,570.8,7252
1785282840000,570.8,571,570.7,570.9,444
1785283020000,571,571,570.9,571,2104
1785283200000,571,571.9,571,571.7,16043
1785283380000,571.8,572.6,571.7,572.4,26325
1785283560000,572.5,572.5,571.7,572.1,17633
1785283740000,572,572.1,571.5,571.6,57559
1785283920000,571.6,572.1,571.6,571.9,10998
1785284100000,571.9,572.2,571.7,571.9,7391
1785284280000,571.9,571.9,571.7,571.8,2051
1785284460000,571.7,572.5,571.6,571.8,105832
1785284640000,571.8,571.9,571.6,571.8,12574
1785284820000,571.9,572,571.5,571.8,11712
1785285000000,571.8,571.8,571.4,571.6,17069
1785285180000,571.6,572,571.6,571.7,6480
1785285360000,571.7,573,571.7,572.9,19232
1785285540000,572.9,573,572.7,572.7,14388
1785285720000,572.7,572.9,572.6,572.8,10738
1785285900000,572.9,573.3,572.6,572.9,9247
1785286080000,572.9,572.9,572.3,572.5,51472
1785286260000,572.5,572.7,572.4,572.6,9212
1785286440000,572.6,572.7,572.2,572.2,9170
1785286620000,572.2,572.2,571.6,571.6,7454
1785286800000,571.6,572.1,571.4,572.1,42601
1785286980000,572.1,572.2,572,572.2,16323
1785287160000,572.2,572.2,571.5,571.6,34247
1785287340000,571.6,571.6,571.1,571.2,11356
1785287520000,571.2,571.5,571,571.3,8865
1785287700000,571.3,571.3,570.7,571,4568
1785287880000,571,571.6,570.9,571.5,2980
1785288060000,571.5,572.2,571.4,572.1,2100
1785288240000,572.2,572.2,571.9,572,8157
1785288420000,572.1,572.2,571.8,571.8,2780
1785288600000,571.7,572,571.4,572,3499
1785288780000,572,572,571.5,571.6,4664
1785288960000,571.6,571.9,571.6,571.7,980
1785289140000,571.7,572,571.7,571.8,2963
1785289320000,571.9,571.9,571.3,571.5,1891
1785289500000,571.5,571.5,571,571.1,4059
1785289680000,571.1,571.2,570.8,571,14359
1785289860000,571.1,571.1,570.7,570.8,6175
1785290040000,570.8,570.8,570.4,570.4,513
1785290220000,570.3,570.4,570.1,570.2,13970
1785290400000,570.1,570.2,569.5,569.8,13148
1785290580000,569.8,570,569.6,569.8,11022
1785290760000,569.7,570.3,569.7,570.1,7878
1785290940000,570.2,570.6,570.2,570.6,23700
1785291120000,570.6,571,570.6,570.9,5046
1785291300000,570.9,570.9,569.5,569.5,27581
1785291480000,569.4,569.9,569.4,569.5,20022
1785291660000,569.5,570.4,569.5,570.2,1168
1785291840000,570.3,570.6,570.2,570.4,534
1785292020000,570.3,571.1,570.3,571.1,7133
1785292200000,571.1,571.4,571,571,1492
1785292380000,570.9,571,570.7,570.9,13289
1785292560000,570.9,571.2,570.8,571.1,7362
1785292740000,571.1,571.5,571,571.1,99057
1785292920000,571.1,571.1,570.2,570.4,67162
1785293100000,570.4,570.6,569.9,569.9,20437
1785293280000,569.9,570.1,569.7,570.1,5376
1785293460000,570,570.1,569.8,569.8,4156
1785293640000,569.8,570.2,569.8,570.1,1031
1785293820000,570.1,570.2,570.1,570.1,1991
1785294000000,570.2,570.3,570.1,570.1,7856
1785294180000,570.1,570.1,569.6,569.6,28544
1785294360000,569.6,569.9,569.5,569.8,14627
1785294540000,569.9,570.1,569.6,569.6,3790
1785294720000,569.7,569.7,569.3,569.4,3935
1785294900000,569.5,569.7,569.3,569.4,890
1785295080000,569.3,569.3,569,569.2,5450
1785295260000,569.3,569.6,569.2,569.2,3427
1785295440000,569.1,569.2,569,569.1,1361
1785295620000,569,569.1,568.5,568.5,2630
1785295800000,568.4,568.4,567.1,567.5,34054
1785295980000,567.4,567.7,567.2,567.5,10802
1785296160000,567.6,568.1,567.5,568,7031
1785296340000,568,568,567.5,567.6,2332
1785296520000,567.5,567.6,566.9,567.3,27635
1785296700000,567.3,567.3,566.9,567.3,7977
1785296880000,567.2,567.3,566.7,567,21058
1785297060000,567,567.1,566.7,566.9,26404
1785297240000,566.8,567,566.7,566.8,8871
1785297420000,566.8,567.1,566.8,567.1,7751
1785297600000,567.1,567.2,566.7,567,40981
1785297780000,566.9,567.2,566.5,566.7,100303
1785297960000,566.7,566.7,565.7,566.7,38337
1785298140000,566.7,567.4,566.4,566.4,28680
1785298320000,566.4,566.9,566.4,566.8,8156
1785298500000,566.8,566.9,566.5,566.5,4674
1785298680000,566.5,566.6,565.7,565.7,18273
1785298860000,565.7,566.6,565.6,566.6,15878
1785299040000,566.5,567.4,566.5,567.3,7864
1785299220000,567.3,567.7,567.3,567.6,9091
1785299400000,567.6,567.6,567.3,567.3,5989
1785299580000,567.2,567.6,566.9,567.5,4416
1785299760000,567.6,568.5,567.5,568.4,16855
1785299940000,568.4,568.4,568.1,568.1,7215
1785300120000,568.1,568.2,567.8,567.8,6373
1785300300000,567.7,567.8,567.6,567.8,4180
1785300480000,567.8,567.9,567.6,567.7,3890
1785300660000,567.7,568.2,567.7,568.1,2684
1785300840000,568.1,568.3,568,568,33052
1785301020000,568,568.3,568,568.3,8413
1785301200000,568.3,568.6,568.3,568.5,16069
1785301380000,568.5,569,568.3,568.4,19954
1785301560000,568.5,568.7,568.4,568.7,43895
1785301740000,568.7,569,568.5,569,2327
1785301920000,568.9,569,568.7,568.7,1717
1785302100000,568.8,568.8,568.1,568.2,17551
1785302280000,568.2,568.3,567.9,568,2804
1785302460000,568,568.6,567.9,568.5,6816
1785302640000,568.4,568.8,568.4,568.6,7639
1785302820000,568.6,568.9,568.6,568.7,7098
1785303000000,568.7,568.8,568.4,568.8,2662
1785303180000,568.7,569.2,568.7,569.1,10897
1785303360000,569.1,569.1,568.8,568.9,14404
1785303540000,569,569.2,568.9,569,5060
1785303720000,569,569.1,568.8,568.8,7656
1785303900000,568.9,569,568.8,568.9,4386
1785304080000,568.9,569,568.9,568.9,10079
1785304260000,568.9,569.5,568.9,569.4,12966
1785304440000,569.4,569.8,569.4,569.5,18032
1785304620000,569.4,569.5,569.4,569.5,18
1785304800000,569.4,569.4,568.9,569.3,11647
1785304980000,569.3,569.3,568.8,569,11333
1785305160000,569,569,568.9,569,2533
1785305340000,569,569,568.5,568.7,10482
1785305520000,568.7,569.1,568.6,569,16947
1785305700000,569,569.1,568.8,569,3400
1785305880000,569,569.3,568.8,569.3,10820
1785306060000,569.3,569.6,569.3,569.4,3253
1785306240000,569.3,570.4,569.3,570.1,10014
1785306420000,570.1,570.7,570.1,570.6,10904
1785306600000,570.6,571.1,570.6,571.1,4845
1785306780000,571.1,571.6,571,571.6,10419
1785306960000,571.5,571.9,571.5,571.5,19494
1785307140000,571.5,571.7,571.5,571.6,2148
1785307320000,571.7,571.7,571.4,571.4,7798
1785307500000,571.4,571.4,571.3,571.4,14411
1785307680000,571.3,571.4,571,571.3,9978
1785307860000,571.2,571.3,571.1,571.2,6597
1785308040000,571.1,571.1,570.9,570.9,4822
1785308220000,570.9,570.9,570.8,570.8,1328
1785308400000,570.9,571,570.7,570.7,5986
1785308580000,570.6,570.7,570.5,570.5,2161
1785308760000,570.5,570.7,570.5,570.5,14637
1785308940000,570.5,570.6,570.4,570.6,4183
1785309120000,570.5,570.6,570.4,570.4,5275
1785309300000,570.4,570.5,570.4,570.5,49
1785309480000,570.4,570.4,570.2,570.4,2817
1785309660000,570.4,570.4,570.3,570.3,1100
1785309840000,570.3,570.4,570.3,570.3,718
1785310020000,570.4,570.8,570.4,570.8,3695
1785310200000,570.7,570.8,570.6,570.7,1209
1785310380000,570.7,570.7,570.5,570.5,5868
1785310560000,570.6,570.7,570.5,570.7,7099
1785310740000,570.7,570.9,570.6,570.9,3567
1785310920000,571,571.1,570.9,571.1,7188
1785311100000,571,571.2,571,571.2,4048
1785311280000,571.2,571.3,571.1,571.2,4427
1785311460000,571.3,571.3,571,571,4938
1785311640000,571,571.1,570.7,570.8,5857
1785311820000,570.9,571.6,570.9,571.6,12475
1785312000000,571.7,571.9,570.9,571,21124
1785312180000,571,571.2,570.8,570.8,5066
1785312360000,570.8,571,570.8,570.8,4439
1785312540000,570.8,570.9,570.2,570.2,5399
1785312720000,570.3,570.4,570.2,570.3,3929
1785312900000,570.4,570.4,570.3,570.4,6512
1785313080000,570.5,570.5,570.4,570.4,1324
1785313260000,570.4,570.5,570.3,570.3,1064
1785313440000,570.2,570.3,569.9,569.9,10967
1785313620000,569.9,570.1,569.9,570.1,8263
1785313800000,570.1,570.4,570.1,570.4,3264
1785313980000,570.4,570.5,570.2,570.3,3568
1785314160000,570.3,570.5,570.3,570.3,4928
1785314340000,570.3,570.4,570.1,570.4,1786
1785314520000,570.3,570.6,570.3,570.3,30151
1785314700000,570.3,571,570.3,570.7,21835
1785314880000,570.8,570.8,570.6,570.6,122
1785315060000,570.6,570.6,570.4,570.4,580
1785315240000,570.5,570.9,570.4,570.9,56197
1785315420000,570.9,571,570.9,571,70
1785315600000,570.9,571.6,570.9,571.5,6181
1785315780000,571.5,571.6,571.3,571.4,18312
1785315960000,571.4,571.4,571.3,571.4,3861
1785316140000,571.4,571.8,571.4,571.7,6453
1785316320000,571.8,571.8,571.7,571.8,8942
1785316500000,571.8,571.8,571.7,571.7,2436
1785316680000,571.8,572.1,571.4,571.4,13634
1785316860000,571.5,571.5,571.2,571.2,2145
1785317040000,571.2,571.3,571.1,571.2,2649
1785317220000,571.2,571.3,571.1,571.2,2358
1785317400000,571.2,571.5,571.2,571.4,6122
1785317580000,571.5,571.5,571.2,571.3,2548
1785317760000,571.4,571.9,571.4,571.9,4430
1785317940000,571.9,573,571.9,572.8,25242
1785318120000,572.7,572.9,572.5,572.5,13126
1785318300000,572.5,572.6,572.5,572.5,2693
1785318480000,572.6,572.7,572.4,572.4,13334
1785318660000,572.4,572.7,572.3,572.7,23717
1785318840000,572.8,572.9,572.7,572.8,7876
1785319020000,572.8,572.8,572.7,572.7,2331
1785319200000,572.8,573,572.8,573,14660
1785319380000,573,573.1,572.7,572.8,16461
1785319560000,572.8,573,572.7,572.9,10055
1785319740000,573,573,572.8,572.9,8135
1785319920000,572.9,572.9,572.8,572.8,11651
1785320100000,572.8,572.9,572.5,572.5,3843
1785320280000,572.5,572.7,572.5,572.7,13467
1785320460000,572.7,572.8,572.5,572.5,6611
1785320640000,572.6,572.6,572.5,572.5,2290
1785320820000,572.6,572.6,572.4,572.5,7190
1785321000000,572.5,572.5,572.2,572.2,5924
1785321180000,572.2,572.3,572,572,3245
1785321360000,572,572.1,571.9,571.9,778
1785321540000,571.9,571.9,571.7,571.7,3297
1785321720000,571.8,572.1,571.8,572.1,4664
1785321900000,572.1,572.1,571.5,571.6,46759
1785322080000,571.6,571.6,571.4,571.4,3843
1785322260000,571.4,571.4,570,570.4,75729
1785322440000,570.5,570.5,570.1,570.3,6590
1785322620000,570.4,570.5,570.3,570.5,1022
1785322800000,570.5,570.8,570.5,570.7,3697
1785322980000,570.7,570.8,570.7,570.8,6227
1785323160000,570.8,571.1,570.6,571.1,4921
1785323340000,571.1,571.3,571,571.2,6787
1785323520000,571.2,571.3,571.1,571.1,8752
1785323700000,571.1,571.2,571,571,1841
1785323880000,570.9,571,570.7,570.9,19394
1785324060000,571,571.3,570.9,570.9,4204
1785324240000,570.9,571,570.9,571,2502
1785324420000,570.9,571.1,570.9,570.9,2367
1785324600000,570.9,570.9,570.4,570.4,3989
1785324780000,570.3,570.4,570.1,570.2,837
1785324960000,570.2,570.2,569.8,570.1,15529
1785325140000,570.1,570.2,570,570.1,1038
1785325320000,570.1,570.2,570,570,5876
1785325500000,570,570.3,570,570.2,6889
1785325680000,570.2,570.5,570.2,570.5,1667
1785325860000,570.5,570.5,570.2,570.2,1521
1785326040000,570.2,570.2,570.1,570.2,3365
1785326220000,570.3,570.5,570.2,570.5,2758
1785326400000,570.5,570.5,570.2,570.2,1470
1785326580000,570.2,570.2,570,570,2661
1785326760000,570.1,570.2,569.9,569.9,2003
1785326940000,569.9,570,569.7,569.7,39898
1785327120000,569.7,569.9,569.5,569.7,31199
1785327300000,569.7,569.8,568.7,568.8,11938
1785327480000,568.7,568.9,568.2,568.8,14240
1785327660000,568.8,568.9,568.6,568.8,4203
1785327840000,568.8,569.2,568.8,569.2,3855
1785328020000,569.2,569.2,568.9,569,7230
1785328200000,569,569.1,568.6,569,2676
1785328380000,569,569.3,569,569.3,5368
1785328560000,569.2,569.3,569.1,569.3,5197
1785328740000,569.2,569.3,569.2,569.3,9873
1785328920000,569.3,569.4,569.3,569.4,7571
1785329100000,569.4,569.6,569.4,569.4,15245
1785329280000,569.5,569.5,569.1,569.1,9768
1785329460000,569,569,568.7,568.8,4736
1785329640000,568.8,568.9,568.7,568.9,1657
1785329820000,569,569.1,568.6,569.1,12381
1785330000000,569,569.1,568.7,569,6321
1785330180000,568.9,568.9,568.6,568.7,10956
1785330360000,568.7,569.1,568.7,569.1,7547
1785330540000,569.1,569.1,569,569.1,4889
1785330720000,569,569.1,568.9,569,3627
1785330900000,568.9,569,568.6,568.6,9314
1785331080000,568.5,568.7,568.5,568.6,4485
1785331260000,568.5,569.1,568.5,568.5,6965
1785331440000,568.6,568.9,568.6,568.8,6122
1785331620000,568.8,568.9,568.8,568.8,5483
1785331800000,568.8,569.6,568.6,569.5,26884
1785331980000,569.5,569.6,569.1,569.5,13457
1785332160000,569.5,569.6,568.4,568.4,6629
1785332340000,568.5,569.2,568.5,569.1,6240
1785332520000,569,569.5,569,569.5,5997
1785332700000,569.4,569.6,569.1,569.2,17260
1785332880000,569.1,569.9,569.1,569.3,5685
1785333060000,569.3,569.3,568.6,569,6376
1785333240000,569,569,567.9,568.3,33413
1785333420000,568.3,569.9,568.1,569.9,20176
1785333600000,569.9,570.1,569.5,569.7,8591
1785333780000,569.6,570.1,569.4,570,5630
1785333960000,570,570,569,569.2,6642
1785334140000,569.3,569.3,568.9,568.9,3234
1785334320000,568.9,568.9,567.7,567.9,9663
1785334500000,568,568.8,568,568.4,17298
1785334680000,568.4,568.8,568.4,568.8,9753
1785334860000,568.8,569,568.7,568.8,3490
1785335040000,568.8,568.8,567.4,568,11057
1785335220000,568,568.3,567.5,568.3,5363
1785335400000,568.2,568.7,568.2,568.7,7887
1785335580000,568.6,568.9,567.4,567.9,4410
1785335760000,567.8,568,567.5,567.7,3332
1785335940000,567.6,567.8,567.3,567.8,5699
1785336120000,567.8,567.8,567,567.4,17274
1785336300000,567.3,567.8,567.3,567.7,12154
1785336480000,567.6,568.2,567.2,568.2,18554
1785336660000,568.2,568.6,567.9,568.6,8746
1785336840000,568.6,568.6,567.8,567.9,5529
1785337020000,567.8,568.3,567.8,568.2,4598
1785337200000,568.1,568.5,567.9,568.3,7288
1785337380000,568.3,568.6,568.3,568.4,8485
1785337560000,568.4,568.9,568.3,568.8,30425
1785337740000,568.8,569,568.6,568.8,8535
1785337920000,568.8,569.1,568.8,568.9,16721
1785338100000,568.8,569.1,568.7,568.7,9047
1785338280000,568.6,568.7,567.4,567.7,20105
1785338460000,567.7,568.2,567.7,568.2,6098
1785338640000,568.2,568.2,567.6,567.8,11430
1785338820000,567.7,568.2,567.7,568.1,10674
1785339000000,568.1,568.2,567.8,568.1,16245
1785339180000,568.1,568.5,567.9,568.5,15933
1785339360000,568.5,568.8,568.4,568.4,6156
1785339540000,568.3,568.4,567.8,568.2,2834
1785339720000,568.2,568.2,567.9,568,5361
1785339900000,567.9,568,567.7,568,11612
1785340080000,567.9,568.6,567.9,568.5,4994
1785340260000,568.4,568.8,568.3,568.3,11612
1785340440000,568.2,568.3,567.7,568,6066
1785340620000,567.9,568.4,567.9,568.4,1115
1785340800000,568.3,568.4,567.1,567.5,36832
1785340980000,567.4,567.5,567.1,567.5,3721
1785341160000,567.4,568.1,567.4,568.1,7831
1785341340000,568,568.1,567.9,567.9,2452
1785341520000,567.9,568,567.8,567.9,1281
1785341700000,567.8,568.1,567.8,567.9,4083
1785341880000,567.8,567.9,567.5,567.7,2713
1785342060000,567.7,569.2,567.7,568.8,9614
1785342240000,568.7,568.7,568.3,568.5,4779
1785342420000,568.6,568.6,568.4,568.6,1713
1785342600000,568.6,568.7,568.2,568.3,1972
1785342780000,568.2,568.6,568.2,568.3,1705
1785342960000,568.4,568.4,568,568.4,3275
1785343140000,568.4,568.5,568.3,568.3,2382
1785343320000,568.3,568.4,567.3,567.6,9806
1785343500000,567.6,568.4,567.6,568.4,2891
1785343680000,568.4,568.7,567.9,568.3,8844
1785343860000,568.2,568.4,568,568.3,13554
1785344040000,568.3,568.5,568,568.5,4033
1785344220000,568.6,568.7,568.5,568.7,5582
1785344400000,568.7,568.9,568.6,568.7,7149
1785344580000,568.8,569,568.2,568.2,22968
1785344760000,568.2,568.6,568.2,568.6,6283
1785344940000,568.6,569.3,568.4,568.7,24597
1785345120000,568.7,569,568.6,569,10303
1785345300000,569.1,569.1,568.6,568.7,2422
1785345480000,568.6,568.8,568.6,568.8,1015
1785345660000,568.8,568.8,568.4,568.6,4820
1785345840000,568.6,568.6,568.4,568.5,1447
1785346020000,568.6,568.6,568.3,568.4,21100
1785346200000,568.4,569,568.4,568.9,1706
1785346380000,568.9,569.2,568.6,568.6,1708
1785346560000,568.5,568.6,568.3,568.3,3056
1785346740000,568.3,568.6,568.2,568.6,920
1785346920000,568.5,568.9,568.5,568.8,16869
1785347100000,568.8,568.9,568.5,568.5,1617
1785347280000,568.5,569,568.4,569,4177
1785347460000,569.1,569.1,568.7,569,7939
1785347640000,569,569.9,569,569.3,31349
1785347820000,569.2,569.7,569.2,569.7,16843
1785348000000,569.7,572.3,569.7,571.4,286750
1785348180000,571.3,571.6,571,571,8855
1785348360000,571,571.6,571,571.4,9237
1785348540000,571.4,571.6,571.1,571.6,11860
1785348720000,571.5,571.6,570.8,570.8,5908
1785348900000,570.8,571.2,570.8,571,8930
1785349080000,570.9,571,570.3,570.6,6647
1785349260000,570.5,570.7,569.8,570,20733
1785349440000,570.1,570.2,569.2,569.6,8232
1785349620000,569.6,570.1,569.5,570.1,5616
1785349800000,570.1,570.6,568.1,568.6,40044
1785349980000,568.7,569.4,568.6,568.7,23388
1785350160000,568.8,570.8,568.8,570.6,42390
1785350340000,570.7,572.1,570.6,571.8,20878
1785350520000,571.7,572,571.4,572,19214
1785350700000,571.9,572.2,571.5,572.1,36560
1785350880000,572,572.5,571.7,572.3,10313
1785351060000,572.3,573.3,572.3,573.3,10891
1785351240000,573.2,573.3,572.5,572.7,18977
1785351420000,572.6,572.7,572.2,572.2,5843
1785351600000,572.1,572.7,572,572.3,12170
1785351780000,572.3,572.4,571.6,571.7,12930
1785351960000,571.7,571.7,570.8,571.1,24247
1785352140000,571,571.1,570.5,571,32048
1785352320000,571.1,571.4,571.1,571.3,14956
1785352500000,571.2,571.5,570.8,570.9,10688
1785352680000,570.8,571,570.6,570.7,3365
1785352860000,570.7,570.8,570,570.4,20302
1785353040000,570.4,570.6,569.7,570,10055
1785353220000,569.9,570.1,569.7,570.1,6429
1785353400000,570.2,570.7,570.2,570.2,18897
1785353580000,570.2,570.2,569.5,570,7242
1785353760000,570,570.5,569.9,570.1,3016
1785353940000,570,570.1,569.6,569.9,7916
1785354120000,569.9,571.9,569.6,569.6,392743
1785354300000,569.6,569.6,567.5,567.7,52996
1785354480000,567.8,568.7,567.8,568.3,48807
1785354660000,568.2,568.4,567.4,568.3,10343
1785354840000,568.2,568.6,568.2,568.6,3900
1785355020000,568.5,568.6,568.2,568.3,16132
1785355200000,568.2,568.6,566.7,567.3,120291
1785355380000,567.3,567.8,566.9,567.5,25618
1785355560000,567.5,568.1,567.3,567.3,27620
1785355740000,567.2,567.4,566.7,567.4,11375
1785355920000,567.3,568.4,567.2,568.3,20094
1785356100000,568.3,569,568.2,568.8,20370
1785356280000,568.8,569,568.6,569,31824
1785356460000,569,569.3,568.9,569,13558
1785356640000,568.9,569,567.6,567.7,7266
1785356820000,567.6,567.7,566,567,81111
1785357000000,567,567.3,566.8,567,4063
1785357180000,567,567.8,567,567.8,12723
1785357360000,567.8,568.2,567.7,568.2,10154
1785357540000,568.2,568.7,568.2,568.4,3479
1785357720000,568.5,568.5,568,568,1487
1785357900000,568.1,568.3,567.9,567.9,2593
1785358080000,567.9,568,567.4,567.5,5372
1785358260000,567.4,567.9,567.3,567.8,7158
1785358440000,567.8,568.1,567.1,567.4,1652
1785358620000,567.5,567.5,566.9,567.2,1935
1785358800000,567.1,567.2,566.9,566.9,6804
1785358980000,566.8,566.9,565,565.6,74067
1785359160000,565.6,565.8,564.8,564.9,208867
1785359340000,564.9,565.9,564.9,565.6,64402
1785359520000,565.6,566.6,565.6,566.5,14455
1785359700000,566.5,566.6,565.9,565.9,3118
1785359880000,565.9,566.8,565.8,566.7,3891
1785360060000,566.7,566.9,566.2,566.9,11008
1785360240000,566.8,566.9,566.7,566.9,4619
1785360420000,566.9,567.5,566.9,567.4,5172
1785360600000,567.4,567.7,567.4,567.6,2354
1785360780000,567.6,567.8,567.4,567.4,5547
1785360960000,567.5,567.8,567.4,567.8,4023
1785361140000,567.8,567.8,567.3,567.3,6564
1785361320000,567.3,567.3,567.1,567.3,15833
1785361500000,567.4,567.5,567.4,567.4,367
1785361680000,567.5,567.8,567.4,567.7,4179
1785361860000,567.7,568.2,567.6,568.2,6064
1785362040000,568.1,568.2,567.8,567.8,4149
1785362220000,567.8,568.6,567.8,568.6,3760
1785362400000,568.6,569.7,568.6,569.5,15263
1785362580000,569.6,570.5,569.5,570.5,6919
1785362760000,570.6,571,570.5,570.8,34376
1785362940000,570.9,571.2,570.5,570.9,11924
1785363120000,571,571.3,570.9,571.1,7083
1785363300000,571,571.5,571,571.4,6959
1785363480000,571.4,571.7,571.3,571.6,7553
1785363660000,571.5,571.5,571.1,571.4,37774
1785363840000,571.4,571.4,571,571.1,6080
1785364020000,571.1,571.3,571,571.2,4695
1785364200000,571.2,571.3,570.8,570.9,6431
1785364380000,570.8,570.9,570.6,570.6,7429
1785364560000,570.6,570.7,570.6,570.6,376
1785364740000,570.7,570.7,570.4,570.4,2515
1785364920000,570.5,570.9,570.4,570.8,4143
1785365100000,570.7,570.8,570.5,570.6,2057
1785365280000,570.5,570.6,570.3,570.4,2210
1785365460000,570.5,570.6,570.4,570.5,1200
1785365640000,570.4,570.8,570.4,570.8,244
1785365820000,570.7,570.8,570.7,570.8,86
1785366000000,570.8,570.8,570.7,570.8,4570
1785366180000,570.8,571,570.7,570.8,10842
1785366360000,570.7,571,570.7,571,8653
1785366540000,571.1,571.3,570.8,570.8,16105
1785366720000,570.9,570.9,570.6,570.6,14327
1785366900000,570.6,571,570.6,571,3511
1785367080000,571,571.8,571,571.7,13637
1785367260000,571.7,571.8,571.5,571.6,20104
1785367440000,571.6,571.7,571.4,571.4,14038
1785367620000,571.5,571.5,571.4,571.4,94
1785367800000,571.5,571.7,571.4,571.6,1198
1785367980000,571.7,571.7,571.1,571.3,14544
1785368160000,571.4,571.4,571.1,571.1,6492
1785368340000,571.2,571.2,570.8,570.9,1297
1785368520000,571,571.8,571,571.8,8186
1785368700000,571.8,572.3,571.7,572.1,11226
1785368880000,572.1,572.2,571.8,571.8,1379
1785369060000,571.9,572,571.7,572,3873
1785369240000,571.9,572.1,571.9,571.9,1101
1785369420000,571.9,572,571.7,571.7,9949
1785369600000,571.8,572.1,571.6,571.7,9263
1785369780000,571.7,571.8,571.5,571.6,7376
1785369960000,571.6,572.4,571.6,572.3,14681
1785370140000,572.3,573.2,572.3,573.2,94865
1785370320000,573.2,573.3,573,573,69331
1785370500000,573,573.2,572.8,572.9,21623
1785370680000,573,573.1,572.2,572.2,20034
1785370860000,572.3,572.8,572.2,572.8,2165
1785371040000,572.7,572.8,572.4,572.6,6618
1785371220000,572.6,572.8,572.4,572.7,2776
1785371400000,572.7,572.7,571.9,571.9,15289
1785371580000,571.8,571.9,571.4,571.6,23868
1785371760000,571.6,571.7,571.3,571.4,6030
1785371940000,571.4,571.5,571.2,571.2,5329
1785372120000,571.3,571.3,571,571.1,11311
1785372300000,571.1,571.4,571,571.4,5986
1785372480000,571.3,571.6,571.1,571.1,5572
1785372660000,571.1,571.3,570.9,570.9,11701
1785372840000,570.9,571,570.9,570.9,3928
1785373020000,571,571.6,570.9,571.6,6093
1785373200000,571.7,572.2,571.6,572.1,13382
1785373380000,572.2,573,572,572.6,10462
1785373560000,572.6,573.4,572.5,573.1,39154
1785373740000,573.2,573.2,572.4,572.5,7970
1785373920000,572.5,572.5,572.1,572.1,8188
1785374100000,572,572.1,571.8,572.1,3395
1785374280000,572.1,572.1,571.7,571.9,5823
1785374460000,572,572.5,572,572.5,1276
1785374640000,572.5,572.9,572.4,572.8,2963
1785374820000,572.8,572.9,572.8,572.9,559
1785375000000,572.9,573.8,572.9,573.7,49331
1785375180000,573.7,574.3,573.6,574.1,12592
1785375360000,574.2,575,574,574.3,246861
1785375540000,574.3,574.3,574,574.3,50834
1785375720000,574.3,574.7,574.2,574.7,13650
1785375900000,574.7,575.4,574.6,575,61114
1785376080000,575,575.1,574.6,574.7,18107
1785376260000,574.7,575.5,574.6,575.5,70328
1785376440000,575.5,575.9,575.4,575.8,35313
1785376620000,575.8,576.2,575.6,575.6,21826
1785376800000,575.7,577.3,575.7,577,192354
1785376980000,577,577.4,576.7,577.3,91915
1785377160000,577.2,577.5,577.1,577.1,24615
1785377340000,577.1,577.3,576.4,576.6,36875
1785377520000,576.6,576.7,575.9,575.9,37365
1785377700000,575.9,576,575.7,575.8,31510
1785377880000,575.7,576.3,575.7,576.1,38360
1785378060000,576.1,576.2,575.8,576,11816
1785378240000,576,576,575.7,575.7,11884
1785378420000,575.7,575.8,575.3,575.8,89220
1785378600000,575.8,575.9,575.4,575.6,10652
1785378780000,575.6,575.7,575.1,575.2,20859
1785378960000,575.1,575.5,575.1,575.3,18986
1785379140000,575.2,575.3,575,575,10964
1785379320000,575,575.5,575,575.5,15875
1785379500000,575.5,575.7,575.3,575.7,10533
1785379680000,575.7,576.1,575.6,575.8,11077
1785379860000,575.8,576.2,575.7,575.7,29049
1785380040000,575.8,575.8,575.5,575.5,17530
1785380220000,575.6,575.6,574.3,574.7,116330
1785380400000,574.7,574.7,573.8,574.1,42470
1785380580000,574.1,574.1,573.8,573.8,6786
1785380760000,573.8,573.9,573.3,573.4,10380
1785380940000,573.4,573.6,573.3,573.5,11370
1785381120000,573.5,573.7,573.2,573.7,8839
1785381300000,573.7,574.3,573.6,574.2,19694
1785381480000,574.2,574.3,573.7,574,3696
1785381660000,573.9,574.3,573.9,574.3,9032
1785381840000,574.2,574.6,574.2,574.4,10410
1785382020000,574.5,574.9,574.5,574.7,23172
1785382200000,574.6,574.7,573.6,573.6,8607
1785382380000,573.6,574.2,573.6,574,26694
1785382560000,573.9,574,573.6,573.6,5394
1785382740000,573.7,573.8,573.4,573.6,19983
1785382920000,573.6,573.7,573.3,573.3,40667
1785383100000,573.3,573.7,573.2,573.5,22955
1785383280000,573.5,573.8,573.2,573.3,121614
1785383460000,573.4,573.5,573.4,573.5,7086
1785383640000,573.4,573.7,573.3,573.5,80040
1785383820000,573.5,573.6,573.2,573.4,38139
1785384000000,573.4,573.5,573.2,573.3,12369
1785384180000,573.3,573.4,572.9,572.9,56606
1785384360000,572.9,573,572.3,572.4,38303
1785384540000,572.4,572.8,572.4,572.8,14710
1785384720000,572.9,572.9,572.7,572.7,6862
1785384900000,572.6,572.7,572.2,572.2,14936
1785385080000,572.3,572.3,571.9,572.3,15207
1785385260000,572.3,572.5,572,572.1,25106
1785385440000,572.1,572.5,572,572.3,20933
1785385620000,572.3,572.5,572.1,572.2,1813
1785385800000,572.2,572.5,572.1,572.2,7340
1785385980000,572.2,572.5,572.1,572.2,3360
1785386160000,572.2,572.2,571.6,571.8,11884
1785386340000,571.8,572,571.7,572,1751
1785386520000,572,572.1,571.9,572,7834
1785386700000,572,572.2,571.8,571.8,6891
1785386880000,571.9,572.1,571.5,572.1,7684
1785387060000,572.1,572.1,571.9,572.1,8927
1785387240000,572.1,572.1,571.9,572,731
1785387420000,571.9,571.9,571.6,571.7,5501
1785387600000,571.6,571.7,571.4,571.4,15216
1785387780000,571.3,571.8,571.3,571.7,13946
1785387960000,571.7,571.8,571.6,571.7,6330
1785388140000,571.7,571.7,571.4,571.6,13481
1785388320000,571.6,571.7,571.5,571.7,6091
1785388500000,571.7,572,571.6,571.8,9615
1785388680000,571.7,572.3,571.7,572.1,26765
1785388860000,572.1,572.1,571.7,571.7,6266
1785389040000,571.6,571.7,571.5,571.5,2927
1785389220000,571.6,572.2,571.5,572.1,13103
1785389400000,572,572.9,572,572.6,22754
1785389580000,572.5,572.8,572.5,572.7,6880
1785389760000,572.6,572.7,572.5,572.5,7684
1785389940000,572.5,572.6,572.4,572.5,3444
1785390120000,572.5,572.8,572.5,572.8,13174
1785390300000,572.8,573.2,572.8,573,17518
1785390480000,572.9,573,572.7,572.8,5763
1785390660000,572.8,573,572.7,572.8,79294
1785390840000,572.8,573,572.6,572.8,48275
1785391020000,572.8,573,572.8,572.8,4220
1785391200000,572.9,573,572.8,572.8,13070
1785391380000,572.8,573.2,572.8,573.2,8432
1785391560000,573.1,573.3,573.1,573.1,7666
1785391740000,573.1,573.2,572.8,572.9,5632
1785391920000,572.8,573.2,572.8,573.1,12177
1785392100000,573.1,573.1,572.9,572.9,1645
1785392280000,573,573,572.9,572.9,6613
1785392460000,572.9,573.1,572.8,573,6623
1785392640000,573,573.3,572.9,573.3,24768
1785392820000,573.3,573.3,572.9,573,61607
1785393000000,573,573.1,573,573,5898
1785393180000,573,573,572.7,572.7,15179
1785393360000,572.8,572.8,572.7,572.8,841
1785393540000,572.8,572.9,572.7,572.9,2356
1785393720000,572.9,573,572.9,573,1758
1785393900000,573,573,572.7,572.7,4853
1785394080000,572.6,573,572.4,573,9831
1785394260000,573,573,572.8,573,1310
1785394440000,573.1,573.2,573.1,573.1,1076
1785394620000,573.2,574,573.1,574,23032
1785394800000,573.9,575,573.9,574.9,24943
1785394980000,574.8,574.9,574.6,574.9,39115
1785395160000,574.8,574.9,574.8,574.8,3961
1785395340000,574.7,575,574.6,575,16276
1785395520000,574.9,575.2,574.9,575,12266
1785395700000,575,575.1,574.9,574.9,6428
1785395880000,574.9,575.6,574.8,575.6,12717
1785396060000,575.6,575.8,575.5,575.7,2571
1785396240000,575.6,575.8,575.2,575.2,18040
1785396420000,575.2,575.2,574.9,574.9,6950
1785396600000,575,575,574.6,574.6,5402
1785396780000,574.6,574.7,574.2,574.3,19095
1785396960000,574.3,574.7,574.2,574.5,4990
1785397140000,574.5,574.9,574.5,574.6,7912
1785397320000,574.6,574.7,574.6,574.6,715
1785397500000,574.7,574.8,574.6,574.7,865
1785397680000,574.7,574.8,574.6,574.6,2648
1785397860000,574.7,574.8,574.6,574.8,9551
1785398040000,574.9,574.9,574.4,574.5,7451
1785398220000,574.4,574.5,574.4,574.4,6870
1785398400000,574.3,574.7,574.1,574.7,14816
1785398580000,574.8,575.1,574.7,575.1,9498
1785398760000,575.1,575.3,575,575.2,6221
1785398940000,575.2,575.4,575.1,575.4,13170
1785399120000,575.4,575.5,575.1,575.1,9768
1785399300000,575,575.8,574.9,575.8,20074
1785399480000,575.8,575.8,575.4,575.5,7769
1785399660000,575.5,576.1,575.5,576.1,12241
1785399840000,576.1,576.8,576,576.8,17735
1785400020000,576.8,577.2,576.7,576.8,38263
1785400200000,576.8,577.6,576.7,577.5,32369
1785400380000,577.6,577.6,577.2,577.4,12219
1785400560000,577.4,577.7,577.3,577.3,18553
1785400740000,577.4,577.5,577.2,577.5,10468
1785400920000,577.5,578.2,576.7,578.1,218276
1785401100000,578,578.6,577.9,578.2,183722
1785401280000,578.3,579,578,578.8,177785
1785401460000,578.7,579.2,578.3,578.4,31807
1785401640000,578.3,578.6,577.8,578.5,77296
1785401820000,578.5,578.8,578.5,578.5,30840
1785402000000,578.6,578.9,578.3,578.9,113710
1785402180000,578.8,579,578.3,578.5,91813
1785402360000,578.4,578.5,578.1,578.5,25435
1785402540000,578.4,578.6,578.4,578.5,5147
1785402720000,578.6,579,578.5,578.9,8273
1785402900000,578.9,579,578.3,578.3,25180
1785403080000,578.3,578.4,578.1,578.2,6115
1785403260000,578.1,578.4,578.1,578.3,13979
1785403440000,578.2,578.5,578.2,578.5,13412
1785403620000,578.4,578.8,578.2,578.2,7478
1785403800000,578.3,578.4,578.2,578.4,5079
1785403980000,578.4,578.8,578.3,578.6,24711
1785404160000,578.6,578.9,578.6,578.8,16265
1785404340000,578.8,578.8,578.4,578.5,5180
1785404520000,578.6,578.8,578.5,578.7,9493
1785404700000,578.7,578.9,578.3,578.9,45185
1785404880000,578.9,579.6,578.8,579.3,80184
1785405060000,579.3,579.8,579.2,579.7,17103
1785405240000,579.8,579.9,579.5,579.5,13944
1785405420000,579.5,579.6,579.4,579.6,13386
1785405600000,579.6,581.2,579.6,581.2,82278
1785405780000,581.2,581.7,580.9,581.7,29231
1785405960000,581.6,581.6,580.9,580.9,71963
1785406140000,581,581,580.4,580.6,13730
1785406320000,580.7,580.9,580.7,580.9,17345
1785406500000,580.8,580.9,580.5,580.7,10700
1785406680000,580.8,580.9,580.6,580.6,7709
1785406860000,580.7,580.7,580,580.2,29390
1785407040000,580.1,580.5,580.1,580.5,6570
1785407220000,580.5,581.9,580.3,581.6,153253
1785407400000,581.7,584.4,581.7,584.3,367408
1785407580000,584.3,585.2,583.8,584.6,156154
1785407760000,584.5,586.4,584.4,585.7,118539
1785407940000,585.7,587.5,585.7,587.1,255913
1785408120000,587.1,587.4,586.1,586.5,98982
1785408300000,586.6,588.3,586.5,587.3,116067
1785408480000,587.2,587.5,586.3,586.9,278950
1785408660000,586.9,587.2,586.5,586.7,30701
1785408840000,586.7,586.8,585.1,586.5,117043
1785409020000,586.5,587.8,586.4,587.3,109607
1785409200000,587.3,587.9,586.2,586.2,139283
1785409380000,586.2,587.7,586.1,587.7,272218
1785409560000,587.7,587.9,587,587.4,70990
1785409740000,587.5,589.1,587.5,587.7,128587
1785409920000,587.6,590.2,587.6,589.9,328664
1785410100000,590,591.2,589,589,191917
1785410280000,589,589.2,588.6,588.8,31047
1785410460000,588.8,588.9,588.2,588.8,76381
1785410640000,588.8,588.8,587.6,587.8,26186
1785410820000,587.8,588.2,587.6,587.7,26246
1785411000000,587.7,588.1,587.4,587.8,20644
1785411180000,587.7,587.7,587.3,587.4,4646
1785411360000,587.4,588.1,587.4,588.1,29739
1785411540000,588.2,588.9,588,588.9,12128
1785411720000,588.9,589.3,588.4,589.1,35446
1785411900000,589,589.5,589,589.2,12838
1785412080000,589.2,590.5,589.2,590.5,56442
1785412260000,590.6,590.7,589.8,590,29421
1785412440000,590,590,588.9,588.9,17673
1785412620000,588.9,588.9,588.5,588.8,26056
1785412800000,588.9,589.8,588.9,589.5,57186
1785412980000,589.5,589.5,587.7,587.7,47279
1785413160000,587.8,587.8,587,587.3,156063
1785413340000,587.3,587.5,587,587.1,26608
1785413520000,587.1,587.8,587.1,587.8,15922
1785413700000,587.9,588.1,587.3,587.4,36794
1785413880000,587.4,587.4,586.5,587.2,38821
1785414060000,587.3,588,587.2,588,21525
1785414240000,588,588.9,587.8,588.6,71965
1785414420000,588.6,588.6,587.8,588.3,37392
1785414600000,588.3,588.8,587.4,587.6,36170
1785414780000,587.6,588.3,587.5,588.3,5762
1785414960000,588.4,588.4,587.4,587.4,7396
1785415140000,587.5,587.5,586.1,586.6,108593
1785415320000,586.6,586.6,585.9,586,16149
1785415500000,586.1,586.3,585.7,585.8,77797
1785415680000,585.7,586.3,585.7,586.3,12826
1785415860000,586.3,586.3,586,586.2,10991
1785416040000,586.1,586.7,586.1,586.5,6924
1785416220000,586.5,586.7,586.5,586.6,4156
1785416400000,586.5,586.7,586.1,586.1,17066
1785416580000,586.1,586.2,585.9,586.1,11499
1785416760000,586.1,586.2,585.8,585.9,10466
1785416940000,585.9,586.1,585.8,585.8,9071
1785417120000,585.8,586.1,585.7,585.7,6648
1785417300000,585.8,586,585.6,586,10531
1785417480000,586,586.3,586,586.3,13006
1785417660000,586.3,586.5,586,586.2,25990
1785417840000,586.2,586.3,585.8,585.9,9034
1785418020000,585.9,586,585.5,585.6,7682
1785418200000,585.6,585.7,585.3,585.4,26138
1785418380000,585.3,586.2,585.3,586,41498
1785418560000,586,586.3,585.8,585.9,17725
1785418740000,585.8,586.1,585.5,585.9,15775
1785418920000,585.9,587.3,585.9,587.3,29486
1785419100000,587.2,588.1,587.2,588,18108
1785419280000,588,589.2,587.6,588.9,68546
1785419460000,588.9,588.9,587.5,588,35118
1785419640000,588,588,587.6,587.6,7309
1785419820000,587.6,587.9,587.6,587.8,6671
1785420000000,587.7,588,587.6,588,36927
1785420180000,587.9,588,587.1,587.1,65741
1785420360000,587.2,587.2,586.5,586.7,26219
1785420540000,586.6,587,586.4,587,15564
1785420720000,587,587.1,586.4,586.4,5679
1785420900000,586.5,587.1,586.4,586.7,8008
1785421080000,586.7,587.1,586.2,586.7,28707
1785421260000,586.7,587.5,586.7,587.4,2545
1785421440000,587.4,588.3,587.4,588.2,27484
1785421620000,588.2,588.3,587.8,588,33819
1785421800000,588.1,588.7,588,588.5,23957
1785421980000,588.5,588.6,587.5,587.5,23744
1785422160000,587.5,588.5,587.5,587.9,18694
1785422340000,587.8,588,587.6,587.7,8688
1785422520000,587.7,588.6,587.7,588.6,22665
1785422700000,588.5,588.6,588.1,588.4,13265
1785422880000,588.3,588.5,588.2,588.3,6449
1785423060000,588.3,588.4,588,588.4,5065
1785423240000,588.3,588.4,587.4,587.5,19784
1785423420000,587.6,587.9,587.5,587.8,5344
1785423600000,587.8,588.4,587.4,588.4,12710
1785423780000,588.4,589.5,588.4,589.5,115907
1785423960000,589.5,589.5,589,589.2,36375
1785424140000,589.2,589.5,588.6,588.9,24955
1785424320000,588.8,589.1,588.7,589.1,12908
1785424500000,589,589.5,589,589.2,17666
1785424680000,589.3,589.6,589.3,589.6,13995
1785424860000,589.5,590.2,589.4,589.6,52680
1785425040000,589.6,589.8,589.4,589.6,9656
1785425220000,589.6,589.7,589.4,589.6,16804
1785425400000,589.7,589.7,589.2,589.4,12801
1785425580000,589.4,589.6,589.1,589.6,19486
1785425760000,589.6,589.7,589.2,589.3,6994
1785425940000,589.3,589.7,589.3,589.6,10772
1785426120000,589.6,589.7,589.5,589.7,2396
1785426300000,589.7,590.2,589.7,590,21727
1785426480000,590,591,590,590.6,18404
1785426660000,590.7,590.9,590.6,590.6,46476
1785426840000,590.7,591,590.5,590.6,18083
1785427020000,590.6,591,590.5,590.9,20635
1785427200000,591,592.3,590.9,591.7,172111
1785427380000,591.6,594,591.6,593.3,179689
1785427560000,593.3,594,592.6,592.6,117657
1785427740000,592.6,592.7,592.2,592.4,25789
1785427920000,592.5,593.3,592.4,593.1,24451
1785428100000,593.1,593.6,592.3,592.4,32277
1785428280000,592.5,593.2,592.2,592.5,26792
1785428460000,592.4,592.6,591.8,592.6,42575
1785428640000,592.5,592.7,592,592.3,5008
1785428820000,592.2,592.7,592.2,592.5,8652
1785429000000,592.5,592.6,592.2,592.6,14176
1785429180000,592.5,593.1,592.4,592.9,10626
1785429360000,592.9,593.2,592.8,592.9,15756
1785429540000,592.9,592.9,592.3,592.4,18313
1785429720000,592.4,592.5,592.1,592.1,7529
1785429900000,592.2,592.4,592.1,592.3,31908
1785430080000,592.3,592.9,592.3,592.7,16081
1785430260000,592.8,593.4,592.8,593.1,19322
1785430440000,593.2,593.4,593.2,593.3,9196
1785430620000,593.3,593.5,593.2,593.4,9546
1785430800000,593.4,593.5,593.2,593.3,11008
1785430980000,593.3,593.8,593.3,593.8,19400
1785431160000,593.8,593.8,593.1,593.1,6482
1785431340000,593.2,593.2,592.5,592.5,12600
1785431520000,592.5,592.6,592.1,592.3,11444
1785431700000,592.4,593.2,592.2,593.2,22029
1785431880000,593.1,593.3,593,593.1,7162
1785432060000,593,593.1,592.7,593,3218
1785432240000,593,593,592.7,592.8,1693
1785432420000,592.8,593.2,592.8,592.9,3607
1785432600000,592.9,593.4,592.8,593.4,3569
1785432780000,593.5,593.7,593,593.3,41249
1785432960000,593.3,593.9,592.7,592.9,17721
1785433140000,593,593.8,592.9,593.8,5672
1785433320000,593.8,595.9,593.7,594.8,168237
1785433500000,594.9,595.9,594.9,595.6,21205
1785433680000,595.5,595.9,595.1,595.2,15169
1785433860000,595.1,595.3,594.3,594.3,13956
1785434040000,594.2,594.3,593.7,593.7,48834
1785434220000,593.7,593.8,593.6,593.8,4505
1785434400000,593.7,595.3,593.7,594.9,236507
1785434580000,594.9,595.2,594.8,595.1,9834
1785434760000,595.2,595.4,594.8,594.8,11929
1785434940000,594.8,595,594.2,594.2,23026
1785435120000,594.2,594.4,593.9,594,7972
1785435300000,594,594.1,593.7,593.9,7590
1785435480000,593.8,594.2,593.8,594.2,5910
1785435660000,594.2,594.5,594.1,594.1,9114
1785435840000,594.2,594.6,594.1,594.3,22191
1785436020000,594.4,594.9,594.4,594.8,7326
1785436200000,594.7,595,594.7,594.9,19178
1785436380000,594.9,595,594.6,595,4923
1785436560000,594.9,595.1,594.6,594.9,8709
1785436740000,594.9,595,594.6,595,4263
1785436920000,595,595.2,594.9,595.1,3501
1785437100000,595.1,595.4,595.1,595.4,11908
1785437280000,595.3,595.4,595.1,595.2,24810
1785437460000,595.2,595.6,595.2,595.4,13807
1785437640000,595.4,595.5,595.3,595.4,9493
1785437820000,595.4,595.6,595.3,595.6,7981
1785438000000,595.5,595.6,595.4,595.5,24729
1785438180000,595.4,595.6,595.3,595.6,10677
1785438360000,595.6,595.9,595.5,595.6,30632
1785438540000,595.6,595.6,595.1,595.3,30073
1785438720000,595.4,595.7,595.4,595.7,10972
1785438900000,595.7,595.7,594.5,594.7,26347
1785439080000,594.6,594.6,594.4,594.5,7673
1785439260000,594.5,594.6,594.4,594.6,7786
1785439440000,594.6,595,594.6,595,4354
1785439620000,595.1,595.1,594.3,594.3,16281
1785439800000,594.2,594.2,593.7,593.9,14683
1785439980000,594,594.3,593.9,594.3,6022
1785440160000,594.3,594.8,594.2,594.8,9528
1785440340000,594.8,594.9,594.5,594.6,6050
1785440520000,594.7,594.7,594.5,594.6,4266
1785440700000,594.6,594.7,594.5,594.6,1157
1785440880000,594.6,594.6,594.4,594.5,8421
1785441060000,594.4,594.5,594.2,594.3,10456
1785441240000,594.3,594.8,594.3,594.4,9557
1785441420000,594.4,594.8,594.2,594.5,32811
1785441600000,594.5,595.2,594.2,594.9,65749
1785441780000,594.9,594.9,594.5,594.5,18883
1785441960000,594.6,594.6,593.8,593.9,27298
1785442140000,593.9,593.9,593.1,593.2,57003
1785442320000,593.2,593.4,592.8,592.9,16268
1785442500000,593,593,592.6,592.8,5498
1785442680000,592.9,593.1,592.6,593,10168
1785442860000,593,593.1,592.8,593.1,2743
1785443040000,593.1,593.1,592.9,593,10028
1785443220000,593,593,592.8,592.9,10333
1785443400000,593,593.3,592.6,593.2,34441
1785443580000,593.2,593.2,592.7,592.7,6975
1785443760000,592.6,592.7,592.6,592.7,6561
1785443940000,592.6,593.3,592.6,593,8829
1785444120000,593,593.5,593,593,13462
1785444300000,592.9,593,592.7,592.7,3606
1785444480000,592.7,593,592.7,592.9,20731
1785444660000,592.9,593.1,592.9,593,2081
1785444840000,592.9,593,592.7,592.7,20362
1785445020000,592.7,592.7,592.5,592.6,7405
1785445200000,592.6,592.8,592.5,592.7,4191
1785445380000,592.7,592.8,592.3,592.4,11616
1785445560000,592.4,592.6,592.3,592.5,5483
1785445740000,592.6,592.7,592.2,592.3,33826
1785445920000,592.2,592.3,591.6,591.6,65549
1785446100000,591.7,591.7,591.3,591.4,4211
1785446280000,591.4,591.5,591,591.4,48537
1785446460000,591.4,591.4,591.3,591.4,600
1785446640000,591.4,591.4,591.1,591.3,10387
1785446820000,591.3,591.5,591.2,591.3,9285
1785447000000,591.3,591.4,591.2,591.3,3013
1785447180000,591.3,591.4,591.3,591.4,2882
1785447360000,591.4,591.8,591.3,591.8,9952
1785447540000,591.8,591.8,591.6,591.8,12633
1785447720000,591.8,591.8,591.5,591.6,2765
1785447900000,591.6,591.6,591.5,591.5,888
1785448080000,591.5,591.5,591,591.1,13056
1785448260000,591.1,591.1,591,591,1208
1785448440000,591.1,591.3,590.9,590.9,7288
1785448620000,590.9,591.5,590.9,591.3,10396
1785448800000,591.2,591.4,590.6,591.1,33945
1785448980000,591.1,591.7,591.1,591.5,6918
1785449160000,591.5,592.2,591.5,592.2,8753
1785449340000,592.2,592.4,592,592.3,16668
1785449520000,592.3,592.3,591.8,592,6018
1785449700000,592,592.3,591.9,592.1,1819
1785449880000,592,592,591.7,591.7,3242
1785450060000,591.8,592.3,591.8,592.2,3971
1785450240000,592.2,592.6,592.2,592.6,3119
1785450420000,592.6,593.1,592.5,593,6365
1785450600000,593.1,593.3,592.6,592.7,17288
1785450780000,592.6,592.7,592.4,592.5,15227
1785450960000,592.5,592.5,592.2,592.2,13946
1785451140000,592.2,592.3,592.1,592.2,3466
1785451320000,592.2,592.3,592.1,592.3,2892
1785451500000,592.2,592.4,592.1,592.1,6553
1785451680000,592,592.2,592,592.2,1260
1785451860000,592.1,592.2,592,592.1,4579
1785452040000,592.1,592.1,591.9,591.9,1319
1785452220000,591.8,592.7,591.7,592.5,46699
1785452400000,592.6,592.7,592.4,592.6,8730
1785452580000,592.6,592.9,592.4,592.6,24934
1785452760000,592.7,593,592.6,593,7790
1785452940000,593,593.2,592.9,593.2,7750
1785453120000,593.1,593.4,593.1,593.3,9380
1785453300000,593.2,593.2,592.5,592.6,8678
1785453480000,592.6,592.6,592.5,592.5,4932
1785453660000,592.5,592.7,592.3,592.7,8042
1785453840000,592.6,593.3,592.6,593.1,5552
1785454020000,593.1,593.1,593,593,1322
1785454200000,593.1,593.1,592.8,593,4162
1785454380000,593,594,593,594,9398
1785454560000,593.9,594.4,593.9,594.2,14810
1785454740000,594.2,594.2,592.7,592.8,29152
1785454920000,592.8,592.8,592.2,592.3,25230
1785455100000,592.3,592.7,592.3,592.7,2498
1785455280000,592.8,592.9,592,592.1,10347
1785455460000,592.1,592.3,592,592.2,10709
1785455640000,592.2,592.5,592.2,592.4,3417
1785455820000,592.4,592.4,591.9,591.9,14648
1785456000000,591.9,592.1,591.6,591.7,13269
1785456180000,591.7,592.5,591.6,592.4,16025
1785456360000,592.4,592.6,591.8,591.8,7273
1785456540000,591.8,592.2,591.6,592.2,26409
1785456720000,592.2,592.7,592.1,592.7,10945
1785456900000,592.7,592.7,592,592.3,10971
1785457080000,592.3,592.4,592.2,592.2,16435
1785457260000,592.3,592.8,592.3,592.8,5592
1785457440000,592.8,592.8,592.6,592.7,4973
1785457620000,592.7,592.7,592.1,592.1,17156
1785457800000,592.1,592.5,592.1,592.3,7600
1785457980000,592.3,592.6,592.1,592.3,8388
1785458160000,592.3,592.4,592.1,592.1,6253
1785458340000,592.2,592.2,591.5,591.6,8571
1785458520000,591.6,591.7,591.4,591.5,15719
1785458700000,591.5,591.8,591.5,591.6,4658
1785458880000,591.7,591.7,591,591.1,10588
1785459060000,591,591.1,590.7,590.7,8001
1785459240000,590.8,590.9,590.1,590.5,85603
1785459420000,590.5,590.5,590.2,590.4,10706
1785459600000,590.4,591.5,590.4,591.5,22695
1785459780000,591.5,591.7,591.2,591.7,13025
1785459960000,591.7,592.8,591.7,592.8,13337
1785460140000,592.8,593.8,592.7,593.4,33931
1785460320000,593.4,594.1,593.4,593.6,18842
1785460500000,593.7,593.7,592.2,592.5,19584
1785460680000,592.6,592.7,591.8,592.5,6054
1785460860000,592.5,592.5,592.1,592.2,3841
1785461040000,592.2,592.8,592,592.7,3869
1785461220000,592.7,593,592.6,592.9,5844
1785461400000,592.9,592.9,592.3,592.4,4587
1785461580000,592.4,592.5,591.7,591.7,9120
1785461760000,591.8,591.8,591.3,591.6,14960
1785461940000,591.6,591.8,591.5,591.8,1972
1785462120000,591.8,591.8,591.2,591.2,2158
1785462300000,591.3,591.4,590,590.2,26503
1785462480000,590.3,590.6,588.7,589.3,43891
1785462660000,589.3,589.7,589.1,589.4,19529
1785462840000,589.4,589.4,588.6,589.1,28705
1785463020000,589.1,589.6,589,589.3,16401
1785463200000,589.3,589.6,588.9,589.1,40623
1785463380000,589,589.3,588.7,589.3,45957
1785463560000,589.4,589.9,589.3,589.8,17927
1785463740000,589.9,590,589.5,589.5,6692
1785463920000,589.5,589.7,589,589,10931
1785464100000,589,589,588.3,588.6,12966
1785464280000,588.7,589,588.5,588.7,4170
1785464460000,588.7,588.7,588.1,588.4,25771
1785464640000,588.5,588.5,588.1,588.2,13413
1785464820000,588.2,588.4,587.8,587.8,48373
1785465000000,587.9,588.2,587.4,588,70389
1785465180000,588,588.1,587.5,587.5,4108
1785465360000,587.5,587.6,587.2,587.6,8563
1785465540000,587.6,587.7,587.5,587.7,9666
1785465720000,587.8,587.8,587.4,587.6,6934
1785465900000,587.5,588.1,587.4,588.1,8791
1785466080000,588,588.1,587.5,587.7,13422
1785466260000,587.8,588.1,587.5,588.1,6181
1785466440000,588.1,588.1,587.6,587.7,9506
1785466620000,587.6,587.8,587.6,587.8,4888
1785466800000,587.7,587.8,586.2,587.1,29501
1785466980000,587,587.2,586.9,587,4692
1785467160000,586.9,587,586.6,586.8,12401
1785467340000,586.7,587,586.6,586.6,42459
1785467520000,586.6,586.7,585.6,586.7,45613
1785467700000,586.6,586.9,586,586.9,11502
1785467880000,586.9,587.7,586.9,587.7,15813
1785468060000,587.7,588.2,587.6,588.2,23576
1785468240000,588.2,588.7,588.2,588.7,23005
1785468420000,588.7,588.7,588.3,588.5,11116
1785468600000,588.5,588.8,588.4,588.6,3977
1785468780000,588.7,588.7,588.2,588.5,19826
1785468960000,588.5,589.1,588.4,588.7,33499
1785469140000,588.8,589.2,588.7,589.1,8138
1785469320000,589.1,589.6,589.1,589.3,64122
1785469500000,589.4,589.5,589.3,589.4,13266
1785469680000,589.4,589.5,589,589,5011
1785469860000,589,589.6,588.9,589.6,6920
1785470040000,589.7,589.8,589.2,589.4,16175
1785470220000,589.4,589.5,589.2,589.3,7903
1785470400000,589.2,589.5,589.1,589.5,9803
1785470580000,589.5,589.8,589.4,589.7,6370
1785470760000,589.7,589.8,589,589.3,11016
1785470940000,589.4,589.5,589.1,589.1,2859
1785471120000,589.1,589.2,588.8,588.8,4496
1785471300000,588.8,589,588.8,588.8,11043
1785471480000,588.8,589.1,588.8,589,3594
1785471660000,589,589.1,588.2,588.2,10828
1785471840000,588.2,589,588.2,589,19683
1785472020000,589.1,589.3,589,589.2,2965
1785472200000,589.3,589.4,589.1,589.1,5639
1785472380000,589.1,589.2,589,589.2,5116
1785472560000,589.1,589.5,589.1,589.5,3716
1785472740000,589.6,589.6,589,589.1,8859
1785472920000,589.1,589.1,588.9,589,3148
1785473100000,589,589.1,588.8,588.8,2821
1785473280000,588.8,588.8,588.4,588.5,9348
1785473460000,588.5,589,588.5,589,5441
1785473640000,589,589.2,589,589,6315
1785473820000,589,589.1,589,589,1736
1785474000000,589,589.5,588.9,589.5,9554
1785474180000,589.5,589.7,589.4,589.7,7725
1785474360000,589.7,589.9,589.6,589.7,8557
1785474540000,589.8,590,589.7,590,1610
1785474720000,589.9,590.2,589.9,590.1,4098
1785474900000,590.1,590.6,590.1,590.5,2195
1785475080000,590.6,590.7,590.4,590.7,7943
1785475260000,590.6,590.6,590.3,590.6,6464
1785475440000,590.6,590.7,590.1,590.2,14635
1785475620000,590.1,590.3,590.1,590.1,4227
1785475800000,590.1,590.2,589.9,590.1,26244
1785475980000,590,590.1,589.7,589.7,2207
1785476160000,589.8,589.8,589.6,589.7,3023
1785476340000,589.6,589.9,589.5,589.5,14165
1785476520000,589.6,589.9,589.6,589.7,6433
1785476700000,589.6,589.7,589.5,589.5,1722
1785476880000,589.6,589.7,589.5,589.5,3272
1785477060000,589.5,589.7,589.4,589.7,1927
1785477240000,589.8,589.8,589.5,589.5,3931
1785477420000,589.5,589.8,589.5,589.8,2131
1785477600000,589.8,590,589.7,589.8,3482
1785477780000,589.8,590.1,589.8,590,8080
1785477960000,590,590.2,590,590.1,3607
1785478140000,590,590.5,590,590.5,43007
1785478320000,590.6,590.7,590.3,590.3,8488
1785478500000,590.3,590.4,590,590.1,8812
1785478680000,590.2,590.5,590.1,590.4,11139
1785478860000,590.5,590.8,590.3,590.7,18169
1785479040000,590.8,591.8,590.7,591.8,16795
1785479220000,591.8,592.3,591.7,592.3,54155
1785479400000,592.3,592.4,591.8,592.3,23619
1785479580000,592.2,592.2,591.2,591.2,49597
1785479760000,591.2,591.6,591.2,591.3,5652
1785479940000,591.3,591.4,591.2,591.3,8099
1785480120000,591.2,591.3,590.6,590.9,13322
1785480300000,591,591,590.6,590.8,13071
1785480480000,590.9,591.7,590.9,591.6,5867
1785480660000,591.5,591.9,591.3,591.9,6681
1785480840000,591.8,592.4,591.8,592.4,2879
1785481020000,592.5,592.6,592.2,592.2,10733
1785481200000,592.2,592.2,591.7,592,8957
1785481380000,591.9,592,591.3,591.4,29098
1785481560000,591.3,592.2,590.6,592.2,32569
1785481740000,592.2,592.4,591.6,591.6,9297
1785481920000,591.6,592,591.3,591.8,10811
1785482100000,591.8,591.9,591.3,591.5,7387
1785482280000,591.5,591.6,590.8,590.8,10174
1785482460000,590.9,590.9,590.5,590.8,15668
1785482640000,590.8,590.9,590.6,590.8,10593
1785482820000,590.8,591.5,590.7,591.4,21073
1785483000000,591.4,591.8,590.9,590.9,12380
1785483180000,590.9,591,589.8,589.9,15535
1785483360000,590,590.1,589.5,589.5,14861
1785483540000,589.5,590.2,589.5,590,19535
1785483720000,590,590.1,589.6,589.8,11249
1785483900000,589.8,590.2,589.5,589.5,17409
1785484080000,589.5,589.7,589.4,589.6,22360
1785484260000,589.6,590.1,589.5,590.1,5752
1785484440000,590,590,589.4,589.4,19787
1785484620000,589.5,589.5,589.4,589.4,8940
1785484800000,589.5,590.6,589.4,590.5,34000
1785484980000,590.6,591.5,590.6,591.1,15171
1785485160000,591.2,591.7,591.1,591.6,40308
1785485340000,591.5,591.8,591.3,591.7,4171
1785485520000,591.7,592.2,591.6,591.8,10329
1785485700000,591.7,592.7,591.2,591.2,52395
1785485880000,591.3,591.3,591.1,591.2,4648
1785486060000,591.3,591.6,591.2,591.5,3423
1785486240000,591.6,592.1,591.4,591.8,11498
1785486420000,591.9,592.3,591.9,591.9,18654
1785486600000,591.9,591.9,591.6,591.9,12068
1785486780000,591.8,592.8,591.8,592.7,27869
1785486960000,592.8,592.8,592.1,592.1,12993
1785487140000,592.1,592.1,591.3,591.5,10146
1785487320000,591.6,592,591.3,592,9476
1785487500000,592,592.8,592,592.7,10696
1785487680000,592.8,593,592.7,592.7,10678
1785487860000,592.8,592.9,592.5,592.8,16718
1785488040000,592.7,592.7,592,592.4,42832
1785488220000,592.4,592.5,592.2,592.4,11447
1785488400000,592.5,592.6,591.9,592,33113
1785488580000,592,592.5,591.8,592.4,76699
1785488760000,592.3,592.3,591.7,591.9,13233
1785488940000,591.9,592.3,591.8,592,11119
1785489120000,592,592,591.4,591.4,9788
1785489300000,591.5,591.5,590.9,591.1,13715
1785489480000,591.2,591.2,590.3,590.6,7743
1785489660000,590.6,590.6,590.2,590.5,15915
1785489840000,590.4,590.6,590.4,590.4,8232
1785490020000,590.5,590.7,590.3,590.4,19657
1785490200000,590.5,590.6,589.8,589.9,8350
1785490380000,589.8,590.3,589.6,590.3,39993
1785490560000,590.2,590.7,590.2,590.2,18322
1785490740000,590.2,590.4,590.1,590.3,4114
1785490920000,590.4,590.7,590.2,590.2,6673
1785491100000,590.2,590.2,589.8,590.1,11411
1785491280000,590.2,590.6,590.1,590.6,5207
1785491460000,590.6,590.8,590.1,590.1,22167
1785491640000,590.1,590.1,589.7,589.8,21133
1785491820000,589.8,590.1,589.6,590.1,5232
1785492000000,590.1,590.3,589.7,589.7,31503
1785492180000,589.7,589.8,588.8,588.8,33518
1785492360000,588.8,589.1,587.9,589.1,27850
1785492540000,589.1,589.6,589,589.6,5235
1785492720000,589.5,589.9,589.4,589.8,7496
1785492900000,589.9,590,589.4,589.5,2942
1785493080000,589.5,590.1,589.5,590.1,10767
1785493260000,590.2,590.3,590.1,590.1,6106
1785493440000,590.1,590.2,589.9,590.1,7749
1785493620000,590,590.1,590,590,4564
1785493800000,590.1,590.5,589.9,589.9,15383
1785493980000,589.8,590.3,589.8,589.9,6796
1785494160000,589.9,590.1,589.9,590.1,3871
1785494340000,590,590.4,590,590.2,4130
1785494520000,590.1,591,590.1,591,10000
1785494700000,591,591.3,590.9,591.1,6508
1785494880000,591,591.1,590.8,591.1,1682
1785495060000,591.1,591.6,591.1,591.4,7994
1785495240000,591.5,592.6,591.4,592.4,86585
1785495420000,592.3,592.5,592.3,592.3,12983
1785495600000,592.3,593.3,592.3,593,21390
1785495780000,593,593.3,592.6,593.3,30480
1785495960000,593.3,593.3,592.6,592.6,14290
1785496140000,592.6,592.7,592.3,592.3,6569
1785496320000,592.3,592.4,592.1,592.2,6943
1785496500000,592.3,592.6,592,592.5,8679
1785496680000,592.5,593.2,592.5,593.1,3194
1785496860000,593,593.1,593,593.1,2232
1785497040000,593.2,593.7,593.1,593.6,45669
1785497220000,593.6,593.7,592.9,592.9,14031
1785497400000,592.9,593,592.2,592.5,9195
1785497580000,592.5,592.5,592.3,592.4,5790
1785497760000,592.4,592.5,592,592,4516
1785497940000,592,592,591.6,591.7,12576
1785498120000,591.7,591.7,591.3,591.4,6562
1785498300000,591.4,591.7,591.3,591.6,4405
1785498480000,591.6,591.6,591.3,591.5,23376
1785498660000,591.5,591.5,591.1,591.2,6891
1785498840000,591.3,591.9,591.3,591.9,4734
1785499020000,591.8,591.9,591.6,591.7,4062
1785499200000,591.8,591.9,591.6,591.6,14322
1785499380000,591.5,591.7,591.3,591.5,4761
1785499560000,591.4,591.5,591,591.5,42948
1785499740000,591.5,591.6,591,591.2,40337
1785499920000,591.3,591.3,590.8,591.1,17872
1785500100000,591,591.2,590.6,591.1,5231
1785500280000,591.2,591.2,590.7,590.8,16959
1785500460000,590.9,591.3,590.7,591,6617
1785500640000,591,591.3,590.9,591.3,5524
1785500820000,591.2,591.5,590.4,590.6,93111
1785501000000,590.6,590.6,590,590.3,31025
1785501180000,590.2,590.3,589.7,590.2,18347
1785501360000,590.1,590.3,590,590,13885
1785501540000,590.1,590.3,589.8,590.3,11935
1785501720000,590.2,590.3,589.7,590.1,11532
1785501900000,590.1,590.2,589.9,590.2,4999
1785502080000,590.2,590.2,589.8,590,7979
1785502260000,590,590.5,589.9,590.4,14795
1785502440000,590.5,592.4,590,592.3,246842
1785502620000,592.3,592.7,591.4,592.4,72023
1785502800000,592.4,593.8,592.3,593.8,73104
1785502980000,593.8,595.4,593.7,595.3,144984
1785503160000,595.3,595.4,594,594.2,46383
1785503340000,594.2,594.9,594,594.5,83556
1785503520000,594.5,594.6,594,594.3,18035
1785503700000,594.3,594.4,594,594.2,13081
1785503880000,594.2,594.7,594.2,594.4,8510
1785504060000,594.3,594.9,594.3,594.7,12895
1785504240000,594.6,594.7,594,594.1,6674
1785504420000,594.1,594.2,594,594,8498
1785504600000,594.1,594.2,592,592.5,34160
1785504780000,592.5,593.2,592.2,593,11037
1785504960000,593,593,591.7,591.9,15489
1785505140000,591.8,592.1,591.3,591.3,43462
1785505320000,591.3,591.7,591,591.2,59021
1785505500000,591.2,591.4,588.3,588.7,214090
1785505680000,588.6,589.3,587.8,588.7,130179
1785505860000,588.6,588.9,587.7,588.4,40671
1785506040000,588.3,588.8,588.2,588.7,24391
1785506220000,588.6,588.9,588.1,588.5,19467
1785506400000,588.5,588.5,588,588.3,23485
1785506580000,588.2,588.7,587.6,588,29706
1785506760000,587.9,587.9,585.6,585.8,224676
1785506940000,585.8,587.5,584.5,587.5,131042
1785507120000,587.5,588.7,586.9,587.7,84858
1785507300000,587.7,587.8,586.6,587,75522
1785507480000,586.9,587.3,586.1,586.5,61160
1785507660000,586.5,586.8,586.2,586.3,24904
1785507840000,586.3,586.4,585.5,585.6,23605
1785508020000,585.6,586.2,585.3,586.1,15938
1785508200000,586.2,587,586.2,586.7,28263
1785508380000,586.7,587.9,586.4,587.5,21169
1785508560000,587.5,587.8,586.7,586.7,27267
1785508740000,586.7,587.2,586.6,586.8,10860
1785508920000,586.8,586.8,585.9,585.9,17259
1785509100000,585.9,586.9,585.9,586.9,65452
1785509280000,586.9,587.5,586.8,587.1,14538
1785509460000,587.2,587.2,586.3,586.3,30312
1785509640000,586.3,586.3,585.2,585.8,37939
1785509820000,585.9,586.5,585.9,586.4,27606
1785510000000,586.3,586.3,585.3,585.4,21618
1785510180000,585.4,586.4,585.4,586,15832
1785510360000,586.1,586.2,585.8,585.8,14618
1785510540000,585.9,586,585,585,22486
1785510720000,585,585.1,584.6,585,75109
1785510900000,585.1,586.1,584.8,584.8,36268
1785511080000,584.8,585.1,584.6,584.9,9002
1785511260000,584.9,585.1,583.7,584,77512
1785511440000,584.1,584.3,583.8,583.9,23490
1785511620000,583.8,584.3,583.8,584.3,13540
1785511800000,584.3,584.6,583.9,583.9,12880
1785511980000,583.8,585.1,583.8,585,16230
1785512160000,585,585.9,584.9,585.9,24789
1785512340000,585.9,585.9,585.2,585.3,14072
1785512520000,585.3,585.3,584.6,585,14235
1785512700000,585,585,583.9,583.9,12968
1785512880000,583.9,584.8,583.9,584.8,26652
1785513060000,584.9,585.1,584.5,585,9924
1785513240000,585,585.6,585,585.6,7251
1785513420000,585.6,585.7,585,585.2,13364
1785513600000,585.2,585.6,584.9,585.6,23769
1785513780000,585.6,585.7,585.4,585.5,5997
1785513960000,585.4,586.2,585.2,586.1,17710
1785514140000,586.2,586.4,586,586.2,11423
1785514320000,586.1,586.3,585.8,586.1,11139
1785514500000,586.1,586.2,585.5,586,10784
1785514680000,586,586.4,585.9,586.1,7038
1785514860000,586.2,586.5,586.2,586.5,6069
1785515040000,586.5,587.1,586.2,586.4,31803
1785515220000,586.5,586.8,586.3,586.7,4178
1785515400000,586.8,586.9,586.4,586.4,3955
1785515580000,586.4,586.8,586.3,586.3,10058
1785515760000,586.3,586.4,586.2,586.2,6359
1785515940000,586.2,586.8,586.2,586.4,8477
1785516120000,586.4,587.2,586.3,587.1,23889
1785516300000,587.1,587.2,586.7,586.7,6038
1785516480000,586.8,587,586.4,586.9,13306
1785516660000,586.9,587.3,586.7,587.3,6794
1785516840000,587.3,587.5,587,587,26208
1785517020000,587.1,587.3,587,587.2,3588
1785517200000,587.2,587.4,587,587,8539
1785517380000,587.1,587.1,586.6,587,9183
1785517560000,586.9,587,586.6,586.6,2725
1785517740000,586.6,587.3,586.5,587.2,6000
1785517920000,587.3,587.9,587.2,587.6,132825
1785518100000,587.6,587.8,587.2,587.2,19016
1785518280000,587.2,587.8,587,587.4,6807
1785518460000,587.5,587.5,587.1,587.3,6101
1785518640000,587.3,588.4,587.3,588.3,80273
1785518820000,588.3,588.6,588.3,588.6,14634
1785519000000,588.6,588.7,588.4,588.4,11115
1785519180000,588.4,589.1,588.4,589.1,8474
1785519360000,589,589.6,588.9,588.9,13484
1785519540000,588.9,589.1,588.7,588.8,6164
1785519720000,588.8,589,588.6,588.8,21179
1785519900000,588.9,589.1,588.9,589,849
1785520080000,589,589.4,589,589.3,5964
1785520260000,589.4,589.7,589.4,589.4,13382
1785520440000,589.4,589.8,589.4,589.7,5983
1785520620000,589.7,589.7,588.8,588.8,18129
1785520800000,588.8,589.3,588.6,588.6,5745
1785520980000,588.6,589,588.5,588.9,32856
1785521160000,588.9,589.3,588.9,589.2,8457
1785521340000,589.3,589.3,588.7,588.7,17164
1785521520000,588.7,588.8,588.7,588.7,7871
1785521700000,588.8,588.8,588.5,588.5,13591
1785521880000,588.5,588.8,588.5,588.7,3188
1785522060000,588.7,588.9,588.6,588.7,12659
1785522240000,588.6,588.7,588,588,9391
1785522420000,588,588,587.5,587.5,19982
1785522600000,587.6,587.8,587.5,587.6,3153
1785522780000,587.6,587.8,587.5,587.7,7337
1785522960000,587.7,588,587.5,587.8,6458
1785523140000,587.9,587.9,587.4,587.7,3408
1785523320000,587.7,588.3,587.6,588.3,31978
1785523500000,588.3,588.5,588.2,588.2,1492
1785523680000,588.2,588.6,588.2,588.6,3891
1785523860000,588.5,589.2,588.5,589.2,4824
1785524040000,589.2,589.3,589,589.1,7578
1785524220000,589.2,589.2,588.7,588.7,9152
1785524400000,588.7,589,588.6,588.8,3859
1785524580000,588.8,588.9,588.2,588.3,12259
1785524760000,588.3,588.4,588.1,588.3,5218
1785524940000,588.3,588.4,587.8,587.8,5963
1785525120000,587.8,588.2,587.7,588.1,4844
1785525300000,588.1,588.5,588.1,588.3,11333
1785525480000,588.3,588.4,588.1,588.1,5783
1785525660000,588.1,588.4,588.1,588.3,1508
1785525840000,588.3,588.3,588,588,2598
1785526020000,588,588.5,588,588.5,4515
1785526200000,588.5,588.6,588.1,588.2,4929
1785526380000,588.3,588.4,588,588.1,3066
1785526560000,588.1,588.2,588,588.1,8692
1785526740000,588.1,588.2,587.7,587.8,7609
1785526920000,587.9,588.5,587.8,588.5,4428
1785527100000,588.5,589.1,588.5,588.7,11233
1785527280000,588.7,588.8,588.2,588.2,3119
1785527460000,588.2,588.6,588.2,588.5,5686
1785527640000,588.6,588.6,588.2,588.2,9571
1785527820000,588.2,588.3,587.7,587.8,19867
1785528000000,587.9,588.6,587.9,588.6,10961
1785528180000,588.5,588.7,588.5,588.5,1955
1785528360000,588.5,588.5,588.1,588.1,3913
1785528540000,588.1,588.3,588.1,588.2,2014
1785528720000,588.2,588.3,588.1,588.2,4269
1785528900000,588.2,588.5,588.2,588.5,2309
1785529080000,588.5,588.6,588.4,588.4,456
1785529260000,588.5,588.5,587.8,587.8,14541
1785529440000,587.9,588,587.7,587.7,2950
1785529620000,587.8,587.8,587.7,587.8,2704
1785529800000,587.8,588,587.8,587.9,2741
1785529980000,588,588.2,587.7,587.7,7037
1785530160000,587.7,587.9,587.7,587.9,3431
1785530340000,587.9,588,587.5,587.6,4008
1785530520000,587.7,587.7,587.2,587.4,10923
1785530700000,587.4,587.6,587.3,587.4,2742
1785530880000,587.4,587.5,587.1,587.1,4141
1785531060000,587.1,587.3,586.7,587,61003
1785531240000,587.1,587.1,586.7,586.8,6307
1785531420000,586.8,586.9,586.4,586.5,16787
1785531600000,586.5,586.6,586.1,586.1,9664
1785531780000,586.1,586.6,586,586.6,19022
1785531960000,586.6,587.2,586.6,587.1,5021
1785532140000,587.1,587.4,587.1,587.2,27412
1785532320000,587.2,588,587.2,587.4,69935
1785532500000,587.4,587.7,587.3,587.7,2831
1785532680000,587.7,588,587.7,587.7,7239
1785532860000,587.7,588.2,587.7,588.1,1912
1785533040000,588.1,588.2,587.8,587.9,6219
1785533220000,587.9,587.9,587.8,587.8,589
1785533400000,587.9,588,587.8,587.9,1007
1785533580000,588,588,587.8,587.8,2519
1785533760000,587.8,588.1,587.8,587.9,3738
1785533940000,587.9,588,587.8,587.9,11392
1785534120000,587.9,587.9,587.8,587.9,12933
1785534300000,587.8,588,587.8,588,3422
1785534480000,588.1,588.1,587.7,587.7,5234
1785534660000,587.7,587.8,587.6,587.6,2171
1785534840000,587.6,587.6,587.1,587.1,10944
1785535020000,587.1,587.1,586.6,586.8,9087
1785535200000,586.8,586.8,586.5,586.7,12871
1785535380000,586.6,587.3,586.4,587.3,9065
1785535560000,587.2,587.4,587.1,587.3,9231
1785535740000,587.4,587.4,587.3,587.3,1106
1785535920000,587.3,587.5,587.3,587.4,1015
1785536100000,587.4,587.5,587.1,587.1,3609
1785536280000,587.1,587.2,587.1,587.1,232
1785536460000,587.1,587.3,587.1,587.2,2848
1785536640000,587.2,587.3,587.1,587.1,1112
1785536820000,587.1,587.3,587.1,587.2,3603
1785537000000,587.2,587.3,587.2,587.2,420
1785537180000,587.2,587.3,586.4,586.4,5561
1785537360000,586.4,586.6,586.4,586.5,3882
1785537540000,586.5,587.3,586.5,587.2,5930
1785537720000,587.2,587.3,587,587.1,2404
1785537900000,587,587.1,586.9,586.9,644
1785538080000,586.9,587,586.8,586.8,2776
1785538260000,586.8,586.8,586.6,586.6,1343
1785538440000,586.6,586.7,586.5,586.6,5280
1785538620000,586.6,586.7,586.5,586.5,1012
1785538800000,586.5,587.1,586.5,587.1,6467
1785538980000,587.1,587.1,587,587,449
1785539160000,587,587.5,587,587.4,12062
1785539340000,587.4,587.5,587.3,587.3,7153
1785539520000,587.3,587.4,586.9,587,4558
1785539700000,587,587,586.9,586.9,1925
1785539880000,586.9,587.3,586.9,587.2,3779
1785540060000,587.3,587.3,587,587.1,1491
1785540240000,587,587.1,586.9,587,1689
1785540420000,587,587,587,587,222
1785540600000,587,587.1,586.7,586.7,3149
1785540780000,586.8,586.9,586.7,586.7,1687
1785540960000,586.7,586.8,586.7,586.7,330
1785541140000,586.7,586.8,586.7,586.7,586
1785541320000,586.7,586.7,586.7,586.7,206
1785541500000,586.7,586.8,586.7,586.8,2282
1785541680000,586.8,586.9,586.7,586.7,2588
1785541860000,586.7,587.1,586.6,587.1,4510
1785542040000,587,587.1,586.7,586.7,7048
1785542220000,586.7,586.8,586.7,586.7,2018
1785542400000,586.7,587.8,586.7,587.8,18303
1785542580000,587.8,587.9,587.3,587.4,14964
1785542760000,587.3,587.8,587.2,587.7,7387
1785542940000,587.7,587.9,587.6,587.8,52293
1785543120000,587.7,588,587.7,588,17495
1785543300000,587.9,588.3,587.9,588.3,3851
1785543480000,588.2,588.2,587.9,587.9,7775
1785543660000,587.9,588,587.8,587.8,2102
1785543840000,587.8,588.2,587.8,588.1,1484
1785544020000,588.1,588.4,588.1,588.2,16461
1785544200000,588.1,588.3,587.8,587.8,19222
1785544380000,587.9,587.9,587.7,587.9,20650
1785544560000,587.9,587.9,587.8,587.8,1677
1785544740000,587.8,588.3,587.8,588.3,17799
1785544920000,588.2,588.6,588.2,588.2,22270
1785545100000,588.3,588.7,588.2,588.6,7214
1785545280000,588.7,589,588.6,588.9,8523
1785545460000,588.9,588.9,588.5,588.7,10228
1785545640000,588.7,588.8,588.6,588.6,5328
1785545820000,588.7,588.7,588.3,588.5,9580
1785546000000,588.5,589.1,588.4,589.1,12874
1785546180000,589.1,589.3,589,589.1,12393
1785546360000,589.1,589.1,588.9,588.9,1947
1785546540000,588.9,589,588.7,588.9,7810
1785546720000,588.8,589,588.8,588.9,1534
1785546900000,588.9,589,588.8,588.9,1044
1785547080000,588.8,588.9,588.3,588.3,1913
1785547260000,588.3,588.6,588.3,588.5,2994
1785547440000,588.5,588.6,588.2,588.5,2830
1785547620000,588.4,588.4,588.2,588.3,4816
1785547800000,588.4,588.5,588.3,588.4,3243
1785547980000,588.5,588.5,588.3,588.3,4740
1785548160000,588.4,588.7,588.3,588.7,2341
1785548340000,588.6,588.8,588.6,588.7,879
1785548520000,588.8,588.8,588.6,588.6,1480
1785548700000,588.7,588.8,588.6,588.7,1057
1785548880000,588.8,588.8,588.6,588.7,5642
1785549060000,588.6,589.6,588.6,589.5,4872
1785549240000,589.5,590,589.5,589.7,85240
1785549420000,589.8,589.9,589.7,589.8,7187
1785549600000,589.9,590,589.7,589.8,41194
1785549780000,589.7,590.2,589.7,589.7,27332
1785549960000,589.7,589.8,589.5,589.6,7387
1785550140000,589.6,589.6,589.3,589.3,3650
1785550320000,589.3,589.7,589.3,589.7,4571
1785550500000,589.6,589.8,589.6,589.7,3922
1785550680000,589.7,590.2,589.7,590.1,21686
1785550860000,590.1,590.5,590.1,590.4,16283
1785551040000,590.4,590.5,590.3,590.3,1976
1785551220000,590.3,590.5,590.1,590.1,10467
1785551400000,590.1,590.2,590.1,590.1,1854
1785551580000,590.2,590.2,590.1,590.2,2002
1785551760000,590.1,590.2,590.1,590.1,242
1785551940000,590.1,590.2,590,590,2120
1785552120000,590,590.2,590,590.1,5250
1785552300000,590.1,590.2,590,590.1,6820
1785552480000,590.1,590.4,590,590.3,6429
1785552660000,590.3,590.4,590.3,590.3,1077
1785552840000,590.3,590.5,590.3,590.3,2751
1785553020000,590.3,590.5,590.3,590.5,4493
1785553200000,590.5,591.2,590.5,590.6,41075
1785553380000,590.6,590.8,590.3,590.3,5416
1785553560000,590.4,590.8,590.3,590.5,11666
1785553740000,590.5,590.6,589.5,589.5,11685
1785553920000,589.5,589.7,589.5,589.7,6273
1785554100000,589.7,589.8,589.6,589.6,2067
1785554280000,589.7,589.7,589.3,589.4,5629
1785554460000,589.5,589.9,589.4,589.9,2457
1785554640000,589.9,589.9,589.7,589.7,1120
1785554820000,589.7,589.8,589.4,589.4,685
1785555000000,589.4,589.6,589.4,589.5,2763
1785555180000,589.6,589.7,589.2,589.2,5486
1785555360000,589.2,589.4,589.1,589.1,1509
1785555540000,589.2,589.3,588.9,588.9,4418
1785555720000,588.9,589,588.8,588.8,730
1785555900000,588.8,588.9,588.7,588.7,1776
1785556080000,588.7,588.9,588.7,588.8,4219
1785556260000,588.9,589.2,588.8,589.2,5263
1785556440000,589.2,589.5,589.1,589.1,6537
1785556620000,589.1,589.3,589.1,589.1,2018
1785556800000,589.2,589.3,589.1,589.2,2882
1785556980000,589.2,589.3,589.2,589.2,1574
1785557160000,589.2,589.2,588.9,589,764
1785557340000,588.9,588.9,588.6,588.6,2806
1785557520000,588.7,588.8,588.5,588.6,21151
1785557700000,588.6,589,588.6,588.9,7050
1785557880000,588.9,589.2,588.9,589.1,1977
1785558060000,589.1,589.5,589.1,589.4,5428
1785558240000,589.4,589.5,589.4,589.4,407
1785558420000,589.4,589.7,589.4,589.7,2534
1785558600000,589.6,589.8,589.6,589.7,15280
1785558780000,589.7,589.7,589.4,589.4,6956
1785558960000,589.4,589.6,589.4,589.5,2748
1785559140000,589.6,591.6,589.5,591.6,100976
1785559320000,591.6,592.7,591.6,591.9,74739
1785559500000,591.9,592.1,591.6,591.6,32423
1785559680000,591.5,591.9,591.4,591.9,3336
1785559860000,592,592,591.7,591.9,23008
1785560040000,591.9,592,591.4,591.4,13150
1785560220000,591.4,591.7,591.4,591.6,12222
1785560400000,591.6,591.7,591.6,591.6,2107
1785560580000,591.6,591.8,591.5,591.7,11612
1785560760000,591.7,591.8,591.2,591.2,22893
1785560940000,591.2,591.3,591.1,591.1,7412
1785561120000,591.2,591.2,590.9,590.9,3497
1785561300000,590.9,591,590.6,590.7,8334
1785561480000,590.7,590.9,590.7,590.7,3732
1785561660000,590.7,590.9,590.5,590.9,1737
1785561840000,590.8,591.1,590.7,591,7397
1785562020000,591,591.1,590.9,590.9,448
1785562200000,590.9,591,590.7,590.7,4391
1785562380000,590.7,590.9,590.7,590.7,2493
1785562560000,590.7,591,590.5,591,11729
1785562740000,591.1,591.1,590,590,12731
1785562920000,590,590.2,590,590.1,1683
1785563100000,590.1,590.4,590,590,8796
1785563280000,590,590.4,589.9,590.3,3618
1785563460000,590.4,590.6,590.3,590.6,2940
1785563640000,590.6,590.9,590.6,590.7,8762
1785563820000,590.7,590.7,590.4,590.4,5040
1785564000000,590.4,590.5,590.3,590.5,8295
1785564180000,590.6,590.7,590.4,590.4,2538
1785564360000,590.4,590.7,590.4,590.7,7464
1785564540000,590.7,592.1,590.5,592.1,50379
1785564720000,592.1,592.2,591.9,592.1,7819
1785564900000,592,592,591.6,591.6,7470
1785565080000,591.6,592,591.4,591.9,84899
1785565260000,591.9,591.9,591.4,591.9,37858
1785565440000,591.8,591.9,591.5,591.5,13919
1785565620000,591.6,591.9,591.2,591.2,17382
1785565800000,591.3,591.4,591.1,591.2,1816
1785565980000,591.1,591.2,591,591,2440
1785566160000,591,591.2,591,591,4775
1785566340000,591.1,591.4,591,591.3,7396
1785566520000,591.3,591.4,591.2,591.2,1296
1785566700000,591.2,591.3,590.9,590.9,1165
1785566880000,591,591.5,590.9,591.5,19686
1785567060000,591.4,591.5,591.2,591.2,2195
1785567240000,591.3,591.3,591.1,591.1,1910
1785567420000,591.2,591.2,590.5,590.9,62190
1785567600000,590.9,591.1,590.9,590.9,3246
1785567780000,591,591.2,590.9,591.1,56890
1785567960000,591.2,591.2,590.9,591,16124
1785568140000,591,591.5,590.9,591.4,1583
1785568320000,591.5,591.5,591.4,591.4,934
1785568500000,591.4,591.6,591.3,591.4,11807
1785568680000,591.4,591.4,591,591,3306
1785568860000,591.1,591.1,590.8,590.8,4979
1785569040000,590.8,590.9,590.8,590.8,177
1785569220000,590.9,590.9,590.6,590.7,2726
1785569400000,590.7,590.7,590.4,590.5,4032
1785569580000,590.5,590.5,590.3,590.3,588
1785569760000,590.4,590.4,590.2,590.3,3831
1785569940000,590.3,590.4,590.2,590.4,2806
1785570120000,590.5,590.5,590.2,590.3,2650
1785570300000,590.3,590.4,590.2,590.2,2003
1785570480000,590.2,590.3,590,590,2684
1785570660000,590,590.1,590,590,2762
1785570840000,590,590.2,589.9,589.9,9898
1785571020000,590,590,589.8,589.8,3346
1785571200000,589.8,590,589.7,589.8,15694
1785571380000,589.8,590,589.6,589.8,17478
1785571560000,589.8,590.3,589.7,589.7,3583
1785571740000,589.8,589.8,589.7,589.7,1381
1785571920000,589.7,590,589.7,589.7,65379
1785572100000,589.6,589.8,589.5,589.5,5839
1785572280000,589.6,589.6,589,589,25052
1785572460000,589.1,589.1,588.7,588.8,3743
1785572640000,588.8,588.9,587.6,587.9,111048
1785572820000,588,588.2,586.5,586.6,164140
1785573000000,586.6,586.7,585.4,585.9,121223
1785573180000,585.9,586.3,585.8,585.9,28281
1785573360000,585.8,586.2,585.8,586,13282
1785573540000,586.1,586.5,586,586.3,6523
1785573720000,586.4,586.5,586.3,586.5,6872
1785573900000,586.6,586.6,585.8,585.8,13119
1785574080000,585.8,586.1,585.6,585.8,25163
1785574260000,585.8,586,585.7,586,3534
1785574440000,586,586.1,585.9,586,8337
1785574620000,586.1,586.1,585.4,585.5,14753
1785574800000,585.5,585.7,585.3,585.3,23376
1785574980000,585.3,585.4,585.2,585.2,9414
1785575160000,585.2,585.3,584.8,584.9,13302
1785575340000,584.8,585.4,584.8,585.3,11970
1785575520000,585.3,585.4,585.2,585.2,5540
1785575700000,585.2,585.6,585.2,585.5,3652
1785575880000,585.5,585.5,584.8,584.9,15290
1785576060000,584.8,585.1,584.8,585.1,5105
1785576240000,585,585.1,584.6,584.7,2750
1785576420000,584.6,584.9,584.6,584.8,19261
1785576600000,584.8,585,584.6,585,3420
1785576780000,585,585,584.4,584.4,13191
1785576960000,584.4,584.8,584.4,584.7,10574
1785577140000,584.8,584.8,584.2,584.4,18506
1785577320000,584.4,584.6,584.4,584.5,1048
1785577500000,584.6,584.6,584.3,584.3,7883
1785577680000,584.3,584.4,584.2,584.3,5045
1785577860000,584.2,584.5,584.1,584.2,9371
1785578040000,584.2,584.3,583.4,583.7,85234
1785578220000,583.7,583.8,583.5,583.7,5844
1785578400000,583.8,584.1,582.7,582.9,30503
1785578580000,583,583,582.2,582.8,38482
1785578760000,582.7,582.9,582.6,582.6,7656
1785578940000,582.6,582.7,581.8,582.3,36530
1785579120000,582.2,582.3,582.2,582.3,2277
1785579300000,582.3,582.4,582.1,582.3,12299
1785579480000,582.3,583,582.2,582.8,27389
1785579660000,582.8,582.9,582.6,582.7,3463
1785579840000,582.8,582.9,581.9,582,65588
1785580020000,582,582,581.8,581.9,5798
1785580200000,581.9,582.1,581.7,581.8,16881
1785580380000,581.8,581.9,581.7,581.7,8562
1785580560000,581.7,581.8,581.4,581.4,4383
1785580740000,581.4,581.5,581.3,581.3,4178
1785580920000,581.3,582,581.3,581.9,32025
1785581100000,582,582,581.5,581.6,8902
1785581280000,581.5,581.6,581,581,62624
1785581460000,581,581.1,580.5,580.5,43694
1785581640000,580.6,580.8,579.9,580.1,23967
1785581820000,580.1,580.4,580,580.4,30625
1785582000000,580.3,580.7,579.7,579.7,116716
1785582180000,579.8,580,579.6,580,62079
1785582360000,580,580.5,579.9,580.2,29194
1785582540000,580.2,580.2,579.8,580.1,12272
1785582720000,580.1,580.5,580.1,580.4,10768
1785582900000,580.5,580.5,579.5,579.5,30437
1785583080000,579.6,580,579.2,579.9,82041
1785583260000,580,580,579.5,579.8,18877
1785583440000,579.7,579.8,579.7,579.7,4567
1785583620000,579.8,580.7,579.7,580.6,40697
1785583800000,580.6,580.6,579.3,579.7,24783
1785583980000,579.7,580.4,579.7,579.8,20219
1785584160000,579.7,580.4,579.7,580.4,14662
1785584340000,580.4,580.6,580.1,580.1,10741
1785584520000,580.2,580.2,579.6,579.7,16502
1785584700000,579.7,580,579.6,580,8265
1785584880000,579.9,580.1,579.9,580,10090
1785585060000,579.9,580,579.9,580,3481
1785585240000,580,580.1,579.8,580,2397
1785585420000,580,580.1,579.9,580.1,2314
1785585600000,580,580.1,579.7,579.8,6957
1785585780000,579.9,580,579.7,579.7,7603
1785585960000,579.7,579.8,579.5,579.5,13806
1785586140000,579.5,579.5,578.8,578.9,30457
1785586320000,579,579,578.4,578.5,16396
1785586500000,578.5,579.2,578.4,578.7,51982
1785586680000,578.6,578.8,578.5,578.6,25815
1785586860000,578.7,579.3,578.6,579,15764
1785587040000,579,579.1,578.8,578.8,2829
1785587220000,578.8,579.2,578.8,579.2,4487
1785587400000,579.1,579.3,578.9,578.9,5650
1785587580000,578.9,579.1,578.8,579,4221
1785587760000,579,579.2,578.7,578.7,14080
1785587940000,578.8,579,578.7,579,11939
1785588120000,579,579,578.7,578.7,9959
1785588300000,578.8,578.9,578.5,578.6,4490
1785588480000,578.6,578.9,578.5,578.5,7833
1785588660000,578.5,578.6,578.1,578.1,23587
1785588840000,578.1,578.4,578.1,578.2,26031
1785589020000,578.2,578.3,577.8,577.9,23318
1785589200000,577.8,578,577.4,577.6,86342
1785589380000,577.6,577.7,577.2,577.5,117191
1785589560000,577.5,577.7,577.5,577.7,6592
1785589740000,577.7,578.3,577.7,578,26288
1785589920000,578,578.3,578,578.3,12696
1785590100000,578.4,578.4,578,578,21959
1785590280000,578,578.1,578,578,4776
1785590460000,578,578.5,578,578.4,34602
1785590640000,578.4,578.5,578.1,578.4,23499
1785590820000,578.5,578.5,578.1,578.1,8586
1785591000000,578.1,579.6,578,579.3,214185
1785591180000,579.2,579.3,578.1,578.1,35334
1785591360000,578.1,578.5,578.1,578.3,16623
1785591540000,578.3,578.3,577.8,577.8,4952
1785591720000,577.8,578.1,577.4,577.8,51134
1785591900000,577.7,578.2,577.7,578.2,14099
1785592080000,578.1,578.6,578.1,578.6,11180
1785592260000,578.5,579.2,578.5,579,46826
1785592440000,579,579,578.5,578.5,14748
1785592620000,578.5,578.9,578.5,578.8,17288
1785592800000,578.8,579.6,578.8,579.3,49629
1785592980000,579.3,579.7,578.9,579.6,73277
1785593160000,579.6,579.9,579.3,579.7,26376
1785593340000,579.8,579.8,579.4,579.4,16591
1785593520000,579.4,579.5,578.8,579,9693
1785593700000,579,579.1,578.9,578.9,5030
1785593880000,578.9,579.1,578.7,579.1,11997
1785594060000,579,579.1,578.7,578.7,5423
1785594240000,578.7,578.9,578.4,578.4,30525
1785594420000,578.4,578.9,578.4,578.8,15605
1785594600000,578.8,579,578.3,578.3,41936
1785594780000,578.3,578.7,578.3,578.7,3194
1785594960000,578.6,579.2,578.6,579.2,35585
1785595140000,579.1,579.2,578.8,578.8,9257
1785595320000,578.8,578.8,578.7,578.7,9061
1785595500000,578.7,578.8,578.5,578.5,17216
1785595680000,578.5,578.5,578.3,578.3,7228
1785595860000,578.3,578.4,578.1,578.3,40994
1785596040000,578.3,578.4,577.9,577.9,11271
1785596220000,577.9,578.5,577.9,578.5,25606
1785596400000,578.5,578.6,578.2,578.3,11607
1785596580000,578.3,578.5,578,578.2,87439
1785596760000,578.3,578.5,578.3,578.3,11514
1785596940000,578.3,578.5,578.2,578.3,12816
1785597120000,578.3,578.4,578.2,578.3,7055
1785597300000,578.2,578.4,578,578,8722
1785597480000,578.1,578.1,577.8,578,9926
1785597660000,578.1,578.4,578,578.3,3591
1785597840000,578.4,578.4,578.1,578.1,6266
1785598020000,578.2,578.2,577.8,577.8,36769
1785598200000,577.8,577.8,576.9,577,72842
1785598380000,577.1,577.6,577,577.1,13131
1785598560000,577.1,577.2,577,577.1,4917
1785598740000,577.1,577.2,577.1,577.1,8450
1785598920000,577,577.1,577,577,2893
1785599100000,577,577.1,576.7,577,33127
1785599280000,577,577.1,576.9,577.1,7141
1785599460000,577.1,577.1,576.8,576.8,6037
1785599640000,576.9,577,576.3,576.6,77194
1785599820000,576.6,576.6,576,576.1,34451
1785600000000,576.1,576.6,575.9,576.3,130489
1785600180000,576.4,576.9,576.4,576.8,108019
1785600360000,576.8,576.9,576.5,576.6,10413
1785600540000,576.7,577.2,576.5,577.1,46803
1785600720000,577,577.1,576.9,577,18228
1785600900000,577.1,577.7,577.1,577.7,45397
1785601080000,577.7,577.7,577.2,577.2,14102
1785601260000,577.2,577.4,577.2,577.3,8004
1785601440000,577.4,577.6,577.3,577.6,11020
1785601620000,577.6,577.9,577.6,577.6,3373
1785601800000,577.6,577.9,577.6,577.8,11111
1785601980000,577.8,578.1,577.7,578,7166
1785602160000,578,578.3,578,578.1,11555
1785602340000,578.2,578.2,578,578,7214
1785602520000,578,578,577.6,577.7,45305
1785602700000,577.8,577.8,577.7,577.8,2801
1785602880000,577.9,577.9,577.8,577.9,647
1785603060000,577.8,578.1,577.6,577.6,45113
1785603240000,577.7,577.9,577.5,577.9,29733
1785603420000,578,578.1,577.8,578,13865
1785603600000,578.1,578.1,577.8,577.8,8867
1785603780000,577.9,577.9,577.8,577.8,6911
1785603960000,577.9,578.3,577.8,578.3,12102
1785604140000,578.3,578.3,577.5,577.5,7281
1785604320000,577.5,577.5,576.8,576.9,46166
1785604500000,576.9,577.2,576.5,577.1,27063
1785604680000,577,577.5,577,577.4,2471
1785604860000,577.4,577.5,577.4,577.5,10611
1785605040000,577.5,577.6,576.9,577.2,6943
1785605220000,577.2,577.3,577.1,577.3,5127
1785605400000,577.2,577.2,576.8,576.9,12808
1785605580000,576.9,576.9,576.4,576.7,28779
1785605760000,576.7,576.7,576.3,576.4,22143
1785605940000,576.4,576.7,576.3,576.6,8268
1785606120000,576.6,576.7,576.6,576.7,8203
1785606300000,576.7,576.7,576.5,576.5,8067
1785606480000,576.6,576.7,575.9,576.1,31092
1785606660000,576,576.6,576,576.5,9887
1785606840000,576.5,576.7,576.5,576.7,5738
1785607020000,576.7,576.8,576.6,576.8,2859
1785607200000,576.7,576.9,576.5,576.5,9973
1785607380000,576.5,577.2,576.5,577.1,17313
1785607560000,577,577.1,576.9,576.9,2885
1785607740000,576.9,577,576.9,577,1431
1785607920000,577,577.3,576.9,577.1,11865
1785608100000,577.1,577.1,576.3,576.4,4220
1785608280000,576.4,576.4,575.6,575.7,12286
1785608460000,575.6,576.1,575.6,575.8,7306
1785608640000,575.7,575.9,575.2,575.9,15991
1785608820000,575.9,576,574.1,575.3,189921
1785609000000,575.2,575.4,573.7,574.5,111598
1785609180000,574.6,574.7,574.1,574.7,61312
1785609360000,574.6,575.4,574.6,575,23173
1785609540000,575,575.4,574.9,575.4,22233
1785609720000,575.3,575.4,574.5,574.5,10791
1785609900000,574.4,574.5,573.1,573.4,133645
1785610080000,573.5,574.5,573.5,574.2,46350
1785610260000,574.2,574.9,574.1,574.8,17563
1785610440000,574.8,575.5,574.7,575.5,15341
1785610620000,575.4,576.4,575.4,576.3,54307
1785610800000,576.3,577.6,575.4,577,191936
1785610980000,577.1,577.2,576.9,577.2,46255
1785611160000,577.1,577.3,576.9,577,6977
1785611340000,577,577.1,576.9,576.9,2961
1785611520000,576.9,577,576.6,576.6,7290
1785611700000,576.6,576.8,576.6,576.7,5547
1785611880000,576.7,577.1,576.7,576.8,6833
1785612060000,576.7,576.8,576.4,576.5,7515
1785612240000,576.4,576.5,576.3,576.3,3140
1785612420000,576.3,576.5,576.3,576.4,10722
1785612600000,576.4,576.7,576.3,576.3,2649
1785612780000,576.3,576.4,576.2,576.4,3439
1785612960000,576.4,576.4,575.7,575.7,10743
1785613140000,575.6,575.7,575.6,575.7,2537
1785613320000,575.6,575.9,575.4,575.7,25314
1785613500000,575.7,575.8,575.6,575.7,3872
1785613680000,575.6,576,575.6,576,10275
1785613860000,575.9,575.9,575.4,575.5,5697
1785614040000,575.4,575.6,575.4,575.5,3877
1785614220000,575.4,575.5,575.4,575.5,1028
1785614400000,575.5,575.5,574.8,575.1,25638
1785614580000,575,575.4,575,575.3,6783
1785614760000,575.2,575.5,575.2,575.3,4810
1785614940000,575.3,575.5,575.1,575.4,6161
1785615120000,575.4,575.5,575.3,575.4,5452
1785615300000,575.3,575.4,575.2,575.4,1719
1785615480000,575.3,575.3,575.2,575.2,1884
1785615660000,575.2,575.5,575.1,575.3,17342
1785615840000,575.3,575.3,575,575,3495
1785616020000,574.9,575.2,574.9,575.1,9709
1785616200000,575.1,575.1,574.7,574.8,6240
1785616380000,574.7,575.1,574.7,575.1,2412
1785616560000,575,575.1,574.4,574.5,13384
1785616740000,574.4,574.8,574.4,574.8,4911
1785616920000,574.7,574.8,574.6,574.6,10396
1785617100000,574.5,574.7,574.5,574.7,9968
1785617280000,574.6,574.9,574.6,574.9,38065
1785617460000,574.8,575.2,574.8,575,5738
1785617640000,574.9,575.1,574.9,575.1,6388
1785617820000,575,575.4,575,575.4,8045
1785618000000,575.4,576.1,575.2,576,79229
1785618180000,576,576,575.7,575.8,7565
1785618360000,575.7,575.8,575.3,575.3,11824
1785618540000,575.3,575.4,575.3,575.4,2056
1785618720000,575.3,575.4,574.2,575,180994
1785618900000,574.9,575.2,574.9,575.2,8153
1785619080000,575.3,575.4,575.2,575.3,5069
1785619260000,575.3,575.3,575,575,2761
1785619440000,575,575.1,574.7,574.7,5089
1785619620000,574.8,575.1,574.7,575.1,10233
1785619800000,575,575.3,575,575.3,8444
1785619980000,575.2,575.5,575.2,575.4,9483
1785620160000,575.3,575.3,575,575.1,2190
1785620340000,575,575.2,574.9,575.2,4596
1785620520000,575.1,575.3,575.1,575.3,6547
1785620700000,575.2,575.3,575.2,575.3,1660
1785620880000,575.3,575.4,575.2,575.4,1624
1785621060000,575.4,575.5,575.3,575.5,1181
1785621240000,575.4,575.6,575.3,575.5,9502
1785621420000,575.4,575.6,575.4,575.6,1185
1785621600000,575.6,575.9,575.6,575.7,14339
1785621780000,575.8,576,575.7,575.9,5391
1785621960000,575.8,575.8,575.7,575.8,928
1785622140000,575.7,576,575.7,575.9,3911
1785622320000,575.8,575.9,575.8,575.9,2047
1785622500000,575.8,575.9,575.8,575.8,669
1785622680000,575.8,575.9,575.8,575.9,734
1785622860000,575.8,575.9,575.5,575.6,8235
1785623040000,575.6,575.7,575.6,575.6,950
1785623220000,575.7,575.9,575.6,575.8,980
1785623400000,575.8,575.9,575.7,575.8,2954
1785623580000,575.7,576.1,575.7,575.7,32383
1785623760000,575.7,575.8,575.7,575.8,1575
1785623940000,575.7,575.8,575.7,575.8,1940
1785624120000,575.7,575.9,575.7,575.8,3755
1785624300000,575.8,575.9,575.7,575.7,1615
1785624480000,575.7,575.8,575.7,575.7,706
1785624660000,575.7,575.8,575.6,575.6,1447
1785624840000,575.6,575.6,575.5,575.5,1671
1785625020000,575.5,575.7,575.4,575.7,28940
1785625200000,575.6,575.8,575.6,575.6,5393
1785625380000,575.6,575.8,575.6,575.7,799
1785625560000,575.7,575.7,575.5,575.5,4752
1785625740000,575.5,575.8,575.5,575.6,2259
1785625920000,575.6,575.7,575.6,575.7,459
1785626100000,575.6,575.7,575.5,575.5,10009
1785626280000,575.5,575.6,575.5,575.5,511
1785626460000,575.5,575.6,575.5,575.5,1465
1785626640000,575.5,575.7,575.5,575.7,731
1785626820000,575.7,575.8,575.3,575.4,6702
1785627000000,575.3,575.5,575.1,575.1,9870
1785627180000,575.1,575.3,575.1,575.3,4726
1785627360000,575.3,575.6,575.2,575.2,17602
1785627540000,575.2,575.3,575.1,575.1,6650
1785627720000,575.1,575.2,574.8,575,11110
1785627900000,575,575.3,575,575.2,20248
1785628080000,575.2,575.3,575.1,575.1,2215
1785628260000,575.1,575.2,575.1,575.2,11832
1785628440000,575.2,575.4,575.2,575.4,10066
1785628620000,575.3,575.3,574.9,574.9,10147
1785628800000,574.9,575.1,574.8,575.1,3967
1785628980000,575,576.2,575,576,22618
1785629160000,576,576.2,575.9,576,21042
1785629340000,576,576.3,576,576.2,31192
1785629520000,576.2,576.4,576,576,5474
1785629700000,576,576.1,576,576.1,3620
1785629880000,576,576,575.6,575.6,6838
1785630060000,575.6,575.7,575.4,575.4,2328
1785630240000,575.4,575.5,574.9,574.9,13681
1785630420000,574.9,574.9,574.6,574.6,8647
1785630600000,574.6,575,574.6,574.7,13296
1785630780000,574.6,574.6,574,574.1,25006
1785630960000,574.1,574.2,573.9,573.9,2799
1785631140000,573.9,574.2,573.9,574,9014
1785631320000,573.9,574,573.8,574,7277
1785631500000,573.9,574.2,573.9,574.1,9158
1785631680000,574.1,574.2,573.9,573.9,4201
1785631860000,573.9,574,573.8,573.8,1887
1785632040000,573.8,573.9,573.5,573.9,11113
1785632220000,574,574.3,573.9,574,18297
1785632400000,574.1,574.4,574.1,574.1,80552
1785632580000,574.2,575.3,574.2,575.2,32256
1785632760000,575.2,575.5,575.1,575.3,14838
1785632940000,575.3,575.6,575.2,575.3,16941
1785633120000,575.2,575.8,575.2,575.7,15922
1785633300000,575.8,576.2,575.5,575.5,14179
1785633480000,575.5,575.6,575.3,575.5,16687
1785633660000,575.5,575.7,575.5,575.7,3049
1785633840000,575.6,575.8,575.6,575.8,1541
1785634020000,575.7,576,575.7,576,4976
1785634200000,576,576.3,575.9,576.3,8913
1785634380000,576.3,576.8,576.3,576.7,9456
1785634560000,576.7,576.8,576.7,576.7,6522
1785634740000,576.7,576.9,576.7,576.9,5118
1785634920000,576.9,577,576.8,576.8,21260
1785635100000,576.7,576.9,576.7,576.8,12693
1785635280000,576.8,577,576.8,577,5491
1785635460000,576.9,577.5,576.9,577.5,18194
1785635640000,577.5,577.5,577.2,577.3,16406
1785635820000,577.2,577.3,577,577.1,19991
1785636000000,577,577.2,577,577.1,9623
1785636180000,577,577.2,576.8,577.1,19887
1785636360000,577.2,579.9,577.1,578.8,111626
1785636540000,578.8,579.5,578.6,578.9,46317
1785636720000,578.9,579.5,578.8,579.4,43396
1785636900000,579.3,579.8,579,579.5,40018
1785637080000,579.6,580.6,579.6,580.4,53796
1785637260000,580.3,580.5,579.2,579.7,34380
1785637440000,579.7,580,579.4,579.4,13827
1785637620000,579.4,579.6,579.1,579.6,21055
1785637800000,579.5,580.7,579.4,580,99949
1785637980000,580,580.3,579.8,579.9,23214
1785638160000,579.9,579.9,579.5,579.5,5972
1785638340000,579.5,579.6,579.1,579.1,6613
1785638520000,579.2,580,579.2,580,17117
1785638700000,580,580,579.5,579.7,6960
1785638880000,579.8,580.3,579.7,580.1,13005
1785639060000,580.2,580.6,580,580.4,11380
1785639240000,580.3,580.6,580.3,580.4,10569
1785639420000,580.4,580.8,580.4,580.8,6043
1785639600000,580.8,581.1,580.8,581.1,33163
1785639780000,581.1,581.4,580.6,581,39280
1785639960000,581,581.5,580.9,581.4,12409
1785640140000,581.4,581.4,580.7,580.7,26005
1785640320000,580.7,581.1,580.7,581.1,9515
1785640500000,581.1,581.2,580.7,580.8,11862
1785640680000,580.8,581.5,580.6,581.5,34772
1785640860000,581.4,582.1,581.4,581.7,45665
1785641040000,581.7,581.7,581,581,5901
1785641220000,581,581.1,580.6,580.8,6856
1785641400000,580.8,581.7,580.8,581.6,69033
1785641580000,581.5,581.9,581.3,581.9,14614
1785641760000,581.8,582.7,581.8,582.6,27829
1785641940000,582.6,582.6,582,582.3,14674
1785642120000,582.2,582.3,581.9,581.9,2635
1785642300000,581.9,582.1,581.8,582,1329
1785642480000,582,582,581.7,581.9,10048
1785642660000,581.9,582.2,581.9,582,29557
1785642840000,582,582.3,581.6,581.6,8891
1785643020000,581.7,581.9,581.6,581.8,6880
1785643200000,581.9,582.5,581.8,582.5,80586
1785643380000,582.5,583.9,582.5,583.8,171646
1785643560000,583.9,584.4,583.7,584.2,44944
1785643740000,584.2,584.2,583.4,583.7,15414
1785643920000,583.7,584.3,583.7,584.1,8737
1785644100000,584.1,584.5,583.8,583.8,20897
1785644280000,583.9,584.2,583.8,584.2,7862
1785644460000,584.2,584.4,584.1,584.2,6691
1785644640000,584.2,584.3,583.9,584.1,20187
1785644820000,584.1,584.7,584,584.4,33249
1785645000000,584.5,584.6,584.3,584.3,8674
1785645180000,584.4,584.7,584.4,584.7,3505
1785645360000,584.7,584.7,584.4,584.5,5781
1785645540000,584.4,584.5,583.9,583.9,12889
1785645720000,583.8,584,583.8,583.8,18958
1785645900000,583.9,584.7,583.8,584.4,23302
1785646080000,584.5,584.6,584.4,584.5,4370
1785646260000,584.6,584.9,584.4,584.8,7970
1785646440000,584.9,584.9,584.7,584.8,19976
1785646620000,584.8,585,584.5,584.6,18318
1785646800000,584.6,584.9,584,584,21418
1785646980000,584.1,584.1,583.5,583.6,21066
1785647160000,583.5,584.5,583.4,584.1,24760
1785647340000,584.1,584.2,583.8,583.8,25031
1785647520000,583.8,583.9,583.6,583.6,7694
1785647700000,583.7,583.8,583.4,583.6,8904
1785647880000,583.6,583.7,583.6,583.6,8776
1785648060000,583.7,583.8,583.5,583.5,14525
1785648240000,583.6,583.7,583.5,583.6,7548
1785648420000,583.7,583.7,583.4,583.6,9543
1785648600000,583.6,584.2,583.6,584.1,18873
1785648780000,584.1,584.1,583.7,583.7,7759
1785648960000,583.7,584,583.6,583.9,5630
1785649140000,584,584.8,584,584.5,45394
1785649320000,584.4,585.2,584.4,585.2,61734
1785649500000,585.2,585.2,584.9,584.9,10590
1785649680000,585,585.1,584.9,584.9,2350
1785649860000,585,585,584.9,585,607
1785650040000,584.9,584.9,584.4,584.5,12323
1785650220000,584.5,584.6,584.3,584.3,1912
1785650400000,584.4,584.5,584.3,584.4,1462
1785650580000,584.4,584.4,584.2,584.3,1348
1785650760000,584.2,584.3,583.7,583.7,10896
1785650940000,583.8,583.8,583.4,583.5,6221
1785651120000,583.5,583.5,583.4,583.5,1088
1785651300000,583.4,583.5,583.1,583.2,6751
1785651480000,583.2,583.3,583.1,583.2,7591
1785651660000,583.2,583.5,583.2,583.4,4790
1785651840000,583.5,583.7,583.4,583.6,8668
1785652020000,583.7,584.3,583.6,584.2,19571
1785652200000,584.3,584.5,584.2,584.4,31300
1785652380000,584.4,584.5,584.3,584.5,3791
1785652560000,584.5,585.2,584.4,585.1,11213
1785652740000,585.2,585.2,584.9,585.2,5659
1785652920000,585.2,585.2,584.7,584.7,4770
1785653100000,584.7,584.7,584.4,584.5,11001
1785653280000,584.5,584.7,584.3,584.4,9505
1785653460000,584.4,584.4,584.3,584.4,3265
1785653640000,584.4,584.5,584.3,584.5,1201
1785653820000,584.4,584.9,584.4,584.8,8287
1785654000000,584.8,585.1,584.6,585,74978
1785654180000,585,585.1,584.4,584.5,48128
1785654360000,584.5,584.6,584.4,584.5,5384
1785654540000,584.4,584.7,584.3,584.3,18179
1785654720000,584.3,585,584.2,584.8,19002
1785654900000,584.8,584.8,584.6,584.6,5693
1785655080000,584.6,585,584.6,584.9,20076
1785655260000,584.9,585.6,584.9,585.6,12353
1785655440000,585.5,585.6,585.2,585.3,6115
1785655620000,585.3,585.3,584.8,585.3,23830
1785655800000,585.4,585.4,584.7,584.8,20002
1785655980000,584.7,584.8,584.4,584.4,5551
1785656160000,584.5,584.6,584.4,584.5,5671
1785656340000,584.6,585,584.5,584.9,8725
1785656520000,584.9,585.1,584.9,585,9373
1785656700000,585,585.1,584.6,584.7,8536
1785656880000,584.7,585.2,584.6,584.7,13451
1785657060000,584.7,585.3,584.7,584.9,29070
1785657240000,585,585.9,584.5,584.9,179951
1785657420000,585,585.3,584.9,585,15416
1785657600000,585.1,585.3,584.8,584.8,12157
1785657780000,584.9,584.9,584.4,584.5,7854
1785657960000,584.4,584.5,584.1,584.2,11659
1785658140000,584.2,584.4,584.1,584.4,16646
1785658320000,584.3,584.4,583.9,583.9,9260
1785658500000,584,584,583.6,583.7,3119
1785658680000,583.7,583.8,583.6,583.7,6583
1785658860000,583.8,584,583.7,583.9,12507
1785659040000,583.9,584.1,583.9,583.9,5525
1785659220000,583.9,584,583.7,583.9,12908
1785659400000,583.9,584.1,583.6,584.1,6088
1785659580000,584.1,584.2,583.8,583.8,5754
1785659760000,583.9,584,583.5,583.6,22462
1785659940000,583.6,583.7,583.3,583.4,15940
1785660120000,583.5,583.9,583.5,583.9,5901
1785660300000,583.9,583.9,583.8,583.9,1207
1785660480000,583.9,583.9,583.5,583.8,4718
1785660660000,583.8,583.8,583.6,583.7,749
1785660840000,583.6,583.6,583.4,583.5,8873
1785661020000,583.5,583.5,583.4,583.4,346
1785661200000,583.4,583.5,582.4,582.5,105699
1785661380000,582.4,582.7,582.2,582.7,19867
1785661560000,582.7,583.5,582.6,583.5,5987
1785661740000,583.5,583.9,583.4,583.9,6418
1785661920000,583.9,583.9,583.6,583.6,4986
1785662100000,583.7,583.8,583.3,583.3,6996
1785662280000,583.3,583.4,583,583,22327
1785662460000,583,583.4,583,583.3,6653
1785662640000,583.4,583.7,583.3,583.4,9681
1785662820000,583.4,583.4,583,583.1,7170
1785663000000,583,583.6,583,583.4,10533
1785663180000,583.5,583.7,583.5,583.6,2295
1785663360000,583.7,584.2,583.7,584.2,7771
1785663540000,584.2,584.2,583.8,584.2,9788
1785663720000,584.1,584.2,583.7,583.7,3461
1785663900000,583.8,583.8,583.5,583.5,778
1785664080000,583.6,583.7,583.5,583.6,1306
1785664260000,583.7,583.7,583.4,583.4,927
1785664440000,583.4,583.7,583.3,583.4,12438
1785664620000,583.4,583.4,583.3,583.4,220
1785664800000,583.4,583.5,583.3,583.5,5392
1785664980000,583.5,583.8,583.5,583.8,4696
1785665160000,583.8,583.8,583.6,583.7,6047
1785665340000,583.6,583.8,583.6,583.7,3613
1785665520000,583.7,583.8,583.4,583.5,20422
1785665700000,583.4,583.6,583.3,583.5,2227
1785665880000,583.5,583.8,583.5,583.6,6078
1785666060000,583.5,583.6,582.5,582.9,50206
1785666240000,582.9,582.9,582.6,582.6,9224
1785666420000,582.7,583,582.6,582.9,5015
1785666600000,582.9,583.5,582.9,583.4,9713
1785666780000,583.4,583.5,583.2,583.3,5164
1785666960000,583.3,583.5,583.3,583.5,554
1785667140000,583.5,583.6,583.4,583.6,10268
1785667320000,583.6,583.7,583.5,583.7,5956
1785667500000,583.7,583.7,583.6,583.7,173
1785667680000,583.7,583.7,583.4,583.4,4654
1785667860000,583.4,583.5,583.3,583.3,352
1785668040000,583.4,583.4,583.2,583.2,3766
1785668220000,583.2,583.5,583.2,583.4,11331
1785668400000,583.4,583.5,583.2,583.2,2315
1785668580000,583.2,583.3,583.2,583.3,65
1785668760000,583.3,583.4,583.2,583.4,596
1785668940000,583.3,583.4,583,583.1,1461
1785669120000,583,583,582.8,582.9,3381
1785669300000,582.9,583.4,582.9,583.3,6370
1785669480000,583.4,583.4,582.9,583,11492
1785669660000,583,583.2,582.9,583,4773
1785669840000,583.1,583.3,583,583.3,2431
1785670020000,583.2,583.3,583.1,583.1,2489
1785670200000,583.1,583.1,582.7,582.8,7617
1785670380000,582.8,583.2,582.7,583,10630
1785670560000,582.9,582.9,582.6,582.8,1772
1785670740000,582.8,583,582.5,582.5,2536
1785670920000,582.6,582.6,581.5,581.5,59254
1785671100000,581.7,582.3,581.7,582.2,16183
1785671280000,582.3,582.5,582,582.3,4384
1785671460000,582.3,582.5,581.3,581.7,9306
1785671640000,581.8,581.9,581.2,581.2,27067
1785671820000,581.2,581.7,581.2,581.7,16656
1785672000000,581.6,582.3,581.6,582.1,20255
1785672180000,582.1,582.2,581.8,582,10603
1785672360000,581.9,581.9,581.8,581.9,808
1785672540000,581.9,581.9,581.6,581.7,22122
1785672720000,581.7,581.8,581.6,581.8,6350
1785672900000,581.8,582.4,581.8,582.4,13913
1785673080000,582.3,582.3,582,582,2605
1785673260000,582,582.3,581.8,581.8,12803
1785673440000,581.9,582,581.7,581.9,1284
1785673620000,581.8,582,581.8,582,774
1785673800000,582,582,581.8,581.9,7690
1785673980000,581.8,581.9,581.5,581.7,1922
1785674160000,581.7,581.8,580.7,581,35225
1785674340000,581,581.3,580.9,581.2,6031
1785674520000,581.2,581.3,581.1,581.2,2099
1785674700000,581.3,581.3,581.2,581.3,334
1785674880000,581.3,581.5,581.3,581.4,15614
1785675060000,581.4,581.4,581.3,581.4,378
1785675240000,581.4,581.6,581.4,581.5,4033
1785675420000,581.4,581.5,581.4,581.5,323
1785675600000,581.4,581.5,581,581.1,58484
1785675780000,581,581.4,580.9,581.4,44382
1785675960000,581.4,581.6,581.2,581.3,9713
1785676140000,581.2,581.6,581.2,581.6,3297
1785676320000,581.5,581.6,581.5,581.5,381
1785676500000,581.6,581.6,581,581.1,9677
1785676680000,581.2,581.3,581.1,581.3,3858
1785676860000,581.3,581.5,581.2,581.5,5016
1785677040000,581.4,581.5,581.3,581.5,2136
1785677220000,581.4,581.8,581.4,581.7,9254
1785677400000,581.7,582,581.6,581.9,1843
1785677580000,582,582,581.9,582,610
1785677760000,581.9,582.3,581.7,581.9,20421
1785677940000,581.9,582.3,581.6,582.2,11335
1785678120000,582.1,582.4,582.1,582.4,1610
1785678300000,582.4,583.3,582.4,582.5,202633
1785678480000,582.5,582.7,582.4,582.6,7565
1785678660000,582.5,582.8,582.3,582.5,3942
1785678840000,582.5,582.8,582.5,582.7,6070
1785679020000,582.7,582.8,582.5,582.6,3647
1785679200000,582.5,582.8,582.4,582.4,6997
1785679380000,582.4,582.7,582.1,582.1,7027
1785679560000,582.1,582.4,582,582.3,1866
1785679740000,582.4,582.4,582.2,582.4,732
1785679920000,582.4,582.5,582.3,582.4,6830
1785680100000,582.4,583,582.3,582.7,7260
1785680280000,582.7,583.3,582.7,583.3,4870
1785680460000,583.2,583.3,582.8,582.9,1025
1785680640000,582.8,583,582.8,583,580
1785680820000,582.9,583.1,582.9,583.1,5081
1785681000000,583.1,583.3,582.8,582.9,8192
1785681180000,582.9,583.5,582.9,583.5,5652
1785681360000,583.5,583.7,583.2,583.6,10035
1785681540000,583.5,583.7,583.5,583.7,3124
1785681720000,583.7,584.3,583.6,584.2,11323
1785681900000,584.2,585,584.1,584.8,60778
1785682080000,584.9,584.9,584.4,584.5,24745
1785682260000,584.4,584.5,584.2,584.3,7043
1785682440000,584.2,584.3,583.9,584,12521
1785682620000,584,584,583.9,583.9,7438
1785682800000,583.9,584.4,583.9,584,19922
1785682980000,584,584.4,583.9,584.2,11520
1785683160000,584.3,584.3,584.1,584.1,14294
1785683340000,584.1,584.2,584.1,584.1,1199
1785683520000,584.1,585.2,584.1,585.1,33310
1785683700000,585.1,585.2,584.8,585.1,14058
1785683880000,585.1,585.4,585.1,585.3,24568
1785684060000,585.3,585.7,585,585,13471
1785684240000,585.1,585.5,584.9,585.4,16576
1785684420000,585.4,585.5,585.2,585.2,19132
1785684600000,585.2,585.4,585.2,585.3,12916
1785684780000,585.3,586.2,585.3,586,40856
1785684960000,586,586.1,585.3,585.4,34576
1785685140000,585.4,585.7,585.3,585.7,6219
1785685320000,585.7,586.4,585.7,586.2,37236
1785685500000,586.2,587.3,586.2,587.3,68616
1785685680000,587.3,587.4,586.4,586.4,36000
1785685860000,586.4,586.7,586.2,586.4,20534
1785686040000,586.5,586.5,586,586,6543
1785686220000,586,586.1,585.9,586,7051
1785686400000,586,586.8,586,586.2,35922
1785686580000,586.1,586.1,585.7,586.1,19101
1785686760000,586.1,586.7,586,586.5,14483
1785686940000,586.5,586.6,586.3,586.3,9356
1785687120000,586.4,586.6,586.3,586.6,15367
1785687300000,586.6,586.6,586.3,586.5,4322
1785687480000,586.5,586.5,586.3,586.4,3242
1785687660000,586.4,587,586.4,586.7,10337
1785687840000,586.8,586.8,586.1,586.1,4142
1785688020000,586.2,586.2,585.9,586.1,11107
1785688200000,586.1,587,586,586.6,7849
1785688380000,586.6,588.2,586.6,587.7,135854
1785688560000,587.7,588.1,587.6,588.1,10247
1785688740000,588.1,588.3,587.6,588.1,12583
1785688920000,588.2,588.5,588.1,588.5,18102
1785689100000,588.5,588.7,588.2,588.4,13539
1785689280000,588.4,588.7,588.2,588.3,10143
1785689460000,588.3,588.3,587.8,588,39125
1785689640000,588.1,588.1,587.6,587.7,23650
1785689820000,587.6,587.7,587.5,587.6,5762
1785690000000,587.5,587.7,587.2,587.7,83406
1785690180000,587.7,587.9,587.5,587.5,24780
1785690360000,587.4,587.6,587.4,587.5,2933
1785690540000,587.6,588,587.4,588,6021
1785690720000,588,588,587.7,587.9,7584
1785690900000,587.9,588,587.3,587.3,2468
1785691080000,587.4,587.5,587.3,587.4,1977
1785691260000,587.5,587.5,587.1,587.2,1776
1785691440000,587.2,588,587.1,587.6,9909
1785691620000,587.5,587.6,587.3,587.4,1703
1785691800000,587.3,587.6,587.3,587.6,1438
1785691980000,587.6,587.6,587.5,587.6,154
1785692160000,587.6,587.6,587.5,587.6,480
1785692340000,587.6,587.6,587.4,587.4,5024
1785692520000,587.4,587.4,587.1,587.4,10009
1785692700000,587.5,587.5,587.4,587.4,5851
1785692880000,587.5,587.6,587.2,587.5,13994
1785693060000,587.5,587.7,587.5,587.6,2833
1785693240000,587.7,587.7,587.4,587.4,10758
1785693420000,587.4,587.5,587.4,587.5,1047
1785693600000,587.6,587.9,587.5,587.6,27118
1785693780000,587.7,588,587.6,587.7,3654
1785693960000,587.8,587.9,587.7,587.8,1125
1785694140000,587.9,587.9,587.8,587.9,1563
1785694320000,588,588.3,587.9,588.3,4223
1785694500000,588.4,588.4,588.2,588.2,1463
1785694680000,588.3,589,588.2,588.9,50394
1785694860000,588.9,590,588.9,589.8,40742
1785695040000,589.8,589.9,589.7,589.7,4098
1785695220000,589.8,590.3,589.7,590.1,8683
1785695400000,590.2,590.2,589.6,589.7,14011
1785695580000,589.7,590,589.6,589.9,5356
1785695760000,590,590.1,589.5,589.5,6372
1785695940000,589.5,590.8,589.4,590.7,22689
1785696120000,590.7,590.9,589.6,589.8,39618
1785696300000,589.9,589.9,589.4,589.4,5007
1785696480000,589.5,589.5,589.1,589.3,6267
1785696660000,589.3,589.5,589.3,589.4,5405
1785696840000,589.4,589.4,589.1,589.1,3820
1785697020000,589.1,589.2,589.1,589.1,975
1785697200000,589.2,589.2,588.9,588.9,5799
1785697380000,588.9,588.9,588.5,588.8,7847
1785697560000,588.8,588.9,588.7,588.8,1156
1785697740000,588.7,588.8,588.7,588.7,324
1785697920000,588.8,588.9,588.5,588.9,10117
1785698100000,588.9,589.1,588.9,589.1,3510
1785698280000,589.1,589.4,588.8,588.9,6477
1785698460000,588.8,588.9,588.8,588.8,1510
1785698640000,588.9,589,588.8,589,2094
1785698820000,589,589,588.9,589,204
1785699000000,589,589,588.3,588.3,8721
1785699180000,588.4,588.7,588.3,588.7,5058
1785699360000,588.7,588.7,588.6,588.6,3070
1785699540000,588.6,588.9,588.6,588.9,8397
1785699720000,588.9,588.9,588.7,588.7,5910
1785699900000,588.8,589.1,588.8,589.1,2755
1785700080000,589.2,589.5,589.2,589.5,3162
1785700260000,589.5,589.5,589.3,589.3,632
1785700440000,589.4,589.4,589.3,589.4,135
1785700620000,589.4,589.4,589.1,589.1,1039
1785700800000,589.1,589.2,588.8,588.9,4870
1785700980000,588.9,588.9,588.6,588.7,2239
1785701160000,588.7,588.7,588.5,588.6,1595
1785701340000,588.6,588.8,588.4,588.4,12956
1785701520000,588.4,588.5,588.3,588.5,12683
1785701700000,588.6,588.7,588.5,588.6,1260
1785701880000,588.5,588.6,588.4,588.4,1803
1785702060000,588.4,588.4,588.3,588.3,523
1785702240000,588.4,588.4,588.1,588.1,930
1785702420000,588.1,588.5,588.1,588.4,25065
1785702600000,588.4,588.5,588.2,588.2,1993
1785702780000,588.3,588.4,588.2,588.3,3713
1785702960000,588.3,588.4,588.3,588.3,233
1785703140000,588.4,588.6,588.3,588.6,2824
1785703320000,588.6,588.6,588.4,588.4,2991
1785703500000,588.4,588.7,588.3,588.6,6395
1785703680000,588.6,588.7,588.5,588.6,719
1785703860000,588.7,588.7,588.6,588.7,1087
1785704040000,588.7,588.8,588.7,588.8,2894
1785704220000,588.9,589.4,588.8,589.4,18837
1785704400000,589.4,589.4,589,589.1,4266
1785704580000,589.2,589.7,589.1,589.6,7275
1785704760000,589.6,589.8,589.3,589.3,5966
1785704940000,589.4,589.5,589.3,589.4,32616
1785705120000,589.5,589.5,589.2,589.4,59508
1785705300000,589.5,589.7,589.2,589.2,4889
1785705480000,589.3,589.3,589.2,589.2,1105
1785705660000,589.3,589.3,589.2,589.2,682
1785705840000,589.2,589.3,589.2,589.2,480
1785706020000,589.3,589.3,589.2,589.3,3886
1785706200000,589.3,589.4,589.3,589.4,302
1785706380000,589.4,589.8,589.3,589.8,4201
1785706560000,589.8,589.8,588.9,588.9,5181
1785706740000,589,589.1,588.6,589.1,20464
1785706920000,589.1,590.5,589.1,589.9,22465
1785707100000,589.9,590.4,589.9,590.2,8712
1785707280000,590.1,590.1,589.7,589.7,4430
1785707460000,589.7,589.8,589.1,589.2,30163
1785707640000,589.3,589.4,589.2,589.3,4126
1785707820000,589.4,589.4,589.2,589.4,8146
1785708000000,589.4,590.3,589.4,590.2,14505
1785708180000,590.3,590.5,590.1,590.2,6629
1785708360000,590.3,590.3,589.7,589.7,794
1785708540000,589.7,590.3,589.7,590.3,2230
1785708720000,590.3,590.3,589.9,589.9,757
1785708900000,589.9,590.3,589.8,590,1713
1785709080000,590.1,590.1,589.4,589.4,7434
1785709260000,589.4,589.5,589.2,589.3,7296
1785709440000,589.3,589.4,588.6,588.6,8579
1785709620000,588.5,588.7,588.4,588.6,16725
1785709800000,588.6,588.7,588.2,588.2,3318
1785709980000,588.2,588.3,587.7,587.7,16191
1785710160000,587.7,588,587.7,587.8,4618
1785710340000,587.8,587.8,587.3,587.7,26623
1785710520000,587.8,588.3,587.7,588.3,1378
1785710700000,588.2,588.4,588,588,1792
1785710880000,588.1,588.1,588,588,1306
1785711060000,588.1,588.1,587.8,588,2365
1785711240000,587.9,588,587.9,587.9,399
1785711420000,587.9,588.1,587.9,588,2472
1785711600000,588,588.1,587.7,587.8,5423
1785711780000,587.8,587.9,587.5,587.6,4542
1785711960000,587.6,587.7,587.5,587.7,2160
1785712140000,587.7,587.7,587.6,587.7,3738
1785712320000,587.6,587.6,587.5,587.6,1255
1785712500000,587.6,587.6,587.4,587.4,4874
1785712680000,587.5,588,587.4,587.8,6714
1785712860000,587.8,587.9,587.6,587.7,2991
1785713040000,587.7,587.9,587.6,587.8,1771
1785713220000,587.9,587.9,587.8,587.9,242
1785713400000,587.9,588,587.8,587.9,6178
1785713580000,588,588.4,587.9,588.2,5627
1785713760000,588.3,588.3,588.2,588.2,249
1785713940000,588.3,588.3,588,588.1,9290
1785714120000,588.1,588.1,588,588,601
1785714300000,588,588,587.8,588,2454
1785714480000,588,588,587.8,587.8,839
1785714660000,587.8,587.9,587.6,587.8,3081
1785714840000,587.9,587.9,587.6,587.8,7332
1785715020000,587.8,588.1,587.6,588,3346
1785715200000,588.1,588.1,587.2,587.2,9034
1785715380000,587.2,587.2,586.6,586.6,23404
1785715560000,586.6,586.6,586.1,586.3,19386
1785715740000,586.3,586.4,585.8,586,33398
1785715920000,585.9,586,585.7,585.8,3540
1785716100000,585.8,586,585.6,586,2666
1785716280000,586,586.1,585.6,585.7,5700
1785716460000,585.7,585.7,585.3,585.4,42921
1785716640000,585.4,585.4,585.1,585.1,8794
1785716820000,585.2,585.2,584.4,584.6,18443
1785717000000,584.6,584.7,583.4,584.2,247786
1785717180000,584.2,584.5,584.2,584.5,6039
1785717360000,584.5,584.6,584.4,584.5,1713
1785717540000,584.5,584.9,584.5,584.5,7271
1785717720000,584.6,584.6,584.3,584.4,6708
1785717900000,584.4,584.5,583.9,584.1,14013
1785718080000,584.1,584.5,584.1,584.5,1481
1785718260000,584.5,584.5,584.3,584.3,2187
1785718440000,584.4,584.6,584.4,584.5,2795
1785718620000,584.6,584.7,584.6,584.6,6495
1785718800000,584.6,584.7,584.1,584.6,16185
1785718980000,584.6,584.9,584.6,584.9,7421
1785719160000,584.9,584.9,584.2,584.5,5628
1785719340000,584.5,584.9,584.4,584.9,9981
1785719520000,585,585,584,584.4,6399
1785719700000,584.3,584.4,584.1,584.4,2213
1785719880000,584.4,584.5,584.1,584.2,4264
1785720060000,584.2,584.6,584.2,584.6,5192
1785720240000,584.5,584.8,584.1,584.1,14006
1785720420000,584,584.3,584,584.3,6374
1785720600000,584.2,584.5,584.2,584.3,2548
1785720780000,584.3,584.3,584.1,584.2,4304
1785720960000,584.2,584.2,583.8,583.9,1920
1785721140000,583.9,584.2,583.8,584.2,3941
1785721320000,584.2,584.5,584.2,584.5,32204
1785721500000,584.4,584.5,584.2,584.3,11356
1785721680000,584.3,584.4,584.1,584.2,9551
1785721860000,584.2,584.2,583.9,583.9,2942
1785722040000,583.8,583.9,583.5,583.9,21577
1785722220000,583.9,584.1,583.8,584,1477
1785722400000,584,584,583.6,583.7,11229
1785722580000,583.8,584.1,583.7,584.1,5432
1785722760000,584,584.2,583.9,584.2,2852
1785722940000,584.1,584.3,583.8,584.1,2971
1785723120000,584.1,584.2,583.9,584.2,286
1785723300000,584.2,584.6,584.1,584.5,8153
1785723480000,584.6,585.7,584.5,585.6,13988
1785723660000,585.6,585.7,585.2,585.2,12008
1785723840000,585.1,585.2,585.1,585.2,451
1785724020000,585.1,585.2,584.3,584.5,22385
1785724200000,584.4,584.8,584.4,584.8,8501
1785724380000,584.8,585.2,584.8,585.1,4237
1785724560000,585.1,585.4,585.1,585.3,14235
1785724740000,585.4,585.5,585.3,585.5,610
1785724920000,585.5,586.1,585.5,585.9,6954
1785725100000,585.8,585.9,585.7,585.8,4067
1785725280000,585.9,586,585.8,586,2765
1785725460000,585.9,586,585.3,585.3,11612
1785725640000,585.3,585.4,585.2,585.2,1358
1785725820000,585.2,585.4,585,585.4,5114
1785726000000,585.4,585.5,585.4,585.5,343
1785726180000,585.4,585.4,585.2,585.4,3379
1785726360000,585.3,585.3,584.2,584.3,13047
1785726540000,584.3,584.7,584.3,584.6,6621
1785726720000,584.6,584.7,584.4,584.5,9622
1785726900000,584.5,584.9,584.5,584.9,6309
1785727080000,584.9,585,584.6,584.7,28477
1785727260000,584.7,584.7,584.3,584.3,6980
1785727440000,584.2,584.2,584.1,584.2,6285
1785727620000,584.2,584.3,584.1,584.2,1807
1785727800000,584.3,584.5,584.3,584.3,1602
1785727980000,584.3,584.6,584.3,584.6,2183
1785728160000,584.6,584.7,584.6,584.6,155
1785728340000,584.6,584.7,584.2,584.5,21046
1785728520000,584.5,584.5,584.3,584.4,1351
1785728700000,584.4,584.4,582.5,583.8,104988
1785728880000,583.8,584,583.4,584,9208
1785729060000,584.1,584.2,584,584.1,1808
1785729240000,584,584.2,583.7,583.7,3424
1785729420000,583.8,583.8,582.9,582.9,5615
1785729600000,582.8,583.6,582.8,583.4,29735
1785729780000,583.3,583.8,583.3,583.8,3850
1785729960000,583.8,583.8,583.4,583.5,2379
1785730140000,583.5,583.5,583,583.2,3328
1785730320000,583.2,583.6,583,583.2,5340
1785730500000,583.2,583.8,583.2,583.5,20946
1785730680000,583.6,583.7,583.5,583.7,2115
1785730860000,583.8,584.1,583.7,583.9,8484
1785731040000,583.9,584,583.8,583.8,1617
1785731220000,583.8,583.8,583.6,583.6,187
1785731400000,583.7,583.7,583.6,583.6,1202
1785731580000,583.6,583.8,583.5,583.5,9793
1785731760000,583.4,583.4,583.1,583.2,4813
1785731940000,583.3,583.5,583.2,583.4,6026
1785732120000,583.4,583.4,583.2,583.3,5440
1785732300000,583.3,583.4,583.1,583.1,2703
1785732480000,583.2,583.2,583.1,583.2,491
1785732660000,583.1,583.2,582.6,582.7,2970
1785732840000,582.7,582.7,582.5,582.6,1197
1785733020000,582.5,582.5,582.3,582.3,16274
1785733200000,582.3,582.5,582.2,582.5,24403
1785733380000,582.5,582.6,581.9,581.9,18754
1785733560000,581.9,582.7,581.9,582.7,4417
1785733740000,582.8,582.9,582.7,582.9,8581
1785733920000,582.9,583.2,582.8,583.2,1191
1785734100000,583.1,583.1,582.8,582.9,4617
1785734280000,582.9,583.4,582.9,583.3,4867
1785734460000,583.4,583.4,582.9,582.9,4022
1785734640000,583,583,582.9,582.9,1403
1785734820000,582.9,583,582.8,582.8,2130
1785735000000,582.8,582.9,582.7,582.7,1317
1785735180000,582.8,582.8,582.5,582.5,4055
1785735360000,582.6,582.8,582.6,582.7,6113
1785735540000,582.8,583.1,582.7,583.1,1145
1785735720000,583,583.1,582.7,582.8,4356
1785735900000,582.9,582.9,582.7,582.9,1247
1785736080000,582.8,583.1,582.8,583,1924
1785736260000,583,583,582.9,582.9,515
1785736440000,582.8,582.9,582.5,582.5,31338
1785736620000,582.5,582.6,582.5,582.6,4730
1785736800000,582.7,582.9,582.6,582.8,959
1785736980000,582.8,583,582.8,583,631
1785737160000,582.9,583.2,582.9,583.1,2489
1785737340000,583.1,583.2,583.1,583.1,1983
1785737520000,583.1,583.2,582.9,582.9,5072
1785737700000,583,583,582.9,582.9,1472
1785737880000,583,583,582.5,582.6,5974
1785738060000,582.5,582.6,582.4,582.5,11353
1785738240000,582.5,582.6,582.3,582.3,4023
1785738420000,582.3,582.5,582.3,582.5,1439
1785738600000,582.4,582.8,582.4,582.8,2686
1785738780000,582.7,582.8,582.5,582.5,6255
1785738960000,582.6,582.6,582.3,582.4,2091
1785739140000,582.3,582.4,582,582.1,6761
1785739320000,582,582,581.7,581.7,6102
1785739500000,581.7,582,581.6,581.9,7308
1785739680000,581.9,582.2,581.9,582.1,5008
1785739860000,582.1,582.2,582.1,582.2,5864
1785740040000,582.3,582.3,582.1,582.2,4914
1785740220000,582.1,582.2,582,582.1,5063
1785740400000,582.1,582.3,581.6,581.7,110471
1785740580000,581.8,582.1,581.5,582.1,27771
1785740760000,582,582.4,581.9,582,34475
1785740940000,581.9,582.3,581.8,582.3,7961
1785741120000,582.2,582.3,582,582,3764
1785741300000,581.9,582,581.4,581.6,16411
1785741480000,581.5,582.1,581.5,582.1,8267
1785741660000,582,582.7,582,582.7,5448
1785741840000,582.6,582.8,582.6,582.8,1377
1785742020000,582.7,582.8,582.7,582.7,4952
1785742200000,582.6,582.8,582.6,582.8,995
1785742380000,582.7,583.1,582.7,583,15198
1785742560000,583,583.1,582.3,582.3,11759
1785742740000,582.2,582.3,582.1,582.2,591
1785742920000,582.1,582.2,581.9,581.9,3523
1785743100000,581.9,582,581.9,582,1017
1785743280000,582,582.5,581.9,582.5,7666
1785743460000,582.4,582.5,582.3,582.4,2433
1785743640000,582.3,583.8,582.3,583.7,118043
1785743820000,583.6,583.6,583.2,583.3,6513
1785744000000,583.3,583.6,583.3,583.5,11091
1785744180000,583.4,584,583.2,584,18059
1785744360000,584,584.1,583.6,583.6,19098
1785744540000,583.5,583.7,583.4,583.5,6919
1785744720000,583.4,583.7,583.4,583.7,3401
1785744900000,583.7,583.7,583.1,583.3,9435
1785745080000,583.3,583.3,582.5,582.5,14901
1785745260000,582.4,582.4,581.6,582,22636
1785745440000,581.9,582.1,581.8,582,4358
1785745620000,582,582,581.1,581.1,22039
1785745800000,581.2,581.6,580.7,581.6,18796
1785745980000,581.5,581.8,581.4,581.8,6671
1785746160000,581.8,582.7,581.7,582.6,14255
1785746340000,582.6,583.3,582.6,583.2,2475
1785746520000,583.3,583.5,583,583,27854
1785746700000,583,583.5,583,583.2,8551
1785746880000,583.2,583.4,583.2,583.2,8680
1785747060000,583.2,583.3,583.1,583.3,7493
1785747240000,583.3,583.7,583.3,583.7,5418
1785747420000,583.7,583.9,583.6,583.9,2587
1785747600000,583.9,584,583.8,583.9,4865
1785747780000,583.8,584,583.5,583.6,12750
1785747960000,583.7,584.6,583.7,584.6,21233
1785748140000,584.6,586,584.6,585.9,99295
1785748320000,585.9,586.1,585,585.3,31585
1785748500000,585.3,585.6,585.2,585.3,3994
1785748680000,585.2,585.4,585,585.4,11510
1785748860000,585.3,585.5,585,585.5,28704
1785749040000,585.5,585.9,585.5,585.7,16633
1785749220000,585.6,585.7,585,585,8065
1785749400000,585,585.1,584.7,584.7,11237
1785749580000,584.7,585,584.4,584.9,40082
1785749760000,584.9,584.9,584.2,584.7,18792
1785749940000,584.7,584.7,584.4,584.6,8794
1785750120000,584.5,584.6,584.3,584.4,916
1785750300000,584.3,584.9,584.3,584.8,8613
1785750480000,584.7,585.1,584.5,585.1,23528
1785750660000,585.1,585.2,584.9,584.9,3385
1785750840000,584.9,585.6,584.9,585.6,5645
1785751020000,585.6,586.3,585.6,586.2,35701
1785751200000,586.3,586.7,586.2,586.2,44500
1785751380000,586.2,586.2,585.9,586,4193
1785751560000,585.9,586.2,585.9,586.1,8780
1785751740000,586.1,586.2,586,586,4469
1785751920000,586,586.2,586,586,7376
1785752100000,586,586.3,586,586,4757
1785752280000,586.1,586.6,586,586.4,8177
1785752460000,586.4,587.4,586.3,587.2,29572
1785752640000,587.3,587.3,586.7,586.9,3424
1785752820000,586.9,587.2,586.8,587.1,1366
1785753000000,587,587.3,586.9,587.2,3477
1785753180000,587.2,587.3,587,587,6850
1785753360000,587,587.3,587,587.2,1526
1785753540000,587.2,587.2,587,587.1,3954
1785753720000,587.2,587.2,587,587,3717
1785753900000,587,587,586.4,586.4,20003
1785754080000,586.4,586.5,585.8,585.8,9023
1785754260000,585.8,586.3,585.8,586.3,11791
1785754440000,586.3,586.5,586.2,586.5,7840
1785754620000,586.5,586.8,586.5,586.8,8960
1785754800000,586.8,587.3,586.6,587.3,75878
1785754980000,587.2,587.2,586.3,586.3,59904
1785755160000,586.3,586.5,586,586,8438
1785755340000,586,586.1,585.8,585.9,2155
1785755520000,585.9,586.5,585.9,586.5,5221
1785755700000,586.4,586.6,586.2,586.6,4628
1785755880000,586.7,587.2,586.6,587,6529
1785756060000,587.1,587.7,587,587.4,10303
1785756240000,587.4,587.5,587.3,587.3,2311
1785756420000,587.3,587.4,586.8,586.8,7967
1785756600000,586.8,586.9,586.8,586.9,400
1785756780000,586.8,587,586.8,587,7070
1785756960000,587,587.1,586.8,586.8,3406
1785757140000,586.7,586.8,586,586.1,10254
1785757320000,586,586.1,585.7,585.7,7894
1785757500000,585.7,586.3,585.6,586.2,15830
1785757680000,586.1,586.3,586.1,586.2,4951
1785757860000,586.2,586.3,586,586.2,7376
1785758040000,586.2,586.4,585.5,585.5,7320
1785758220000,585.5,585.9,585.4,585.4,9285
1785758400000,585.4,585.8,585.4,585.7,9412
1785758580000,585.7,585.7,585.3,585.3,4732
1785758760000,585.3,585.3,584.9,585.2,21220
1785758940000,585.2,585.5,585.1,585.4,3604
1785759120000,585.5,585.9,585.4,585.9,7872
1785759300000,585.9,586,585.7,586,2096
1785759480000,586,586.5,586,586.1,10021
1785759660000,586.1,586.3,586.1,586.2,8391
1785759840000,586.2,586.6,586.1,586.6,6534
1785760020000,586.5,586.7,586.4,586.7,2620
1785760200000,586.7,587,586.6,587,8133
1785760380000,586.9,587,586.9,587,3853
1785760560000,586.9,587.1,586.7,586.8,6680
1785760740000,586.7,586.8,586.4,586.7,6391
1785760920000,586.6,587.2,586.6,587.1,3390
1785761100000,587.2,587.3,587.1,587.2,7107
1785761280000,587.3,587.3,587,587,3637
1785761460000,587,587.2,587,587.1,5559
1785761640000,587.1,587.3,587.1,587.2,2723
1785761820000,587.2,587.3,586.5,586.5,4323
1785762000000,586.6,586.8,586.5,586.6,2953
1785762180000,586.5,586.6,586.4,586.6,5945
1785762360000,586.7,586.7,586.2,586.2,4366
1785762540000,586.2,586.3,586.1,586.1,5117
1785762720000,586.1,586.5,585.8,585.9,16722
1785762900000,585.9,586.6,585.9,586.6,13171
1785763080000,586.5,587.8,586.5,587.8,26893
1785763260000,587.8,587.8,587,587,5657
1785763440000,586.9,587.1,586.7,586.8,27052
1785763620000,586.7,586.8,585.1,585.3,83959
1785763800000,585.3,585.3,584.1,584.3,23275
1785763980000,584.3,585.6,584.3,585.6,10721
1785764160000,585.5,586.1,585.2,585.4,13847
1785764340000,585.4,586,585.3,585.8,10713
1785764520000,585.7,586,585.5,585.9,4673
1785764700000,586,586.2,585.5,586,8420
1785764880000,586,587,585.9,586.3,41900
1785765060000,586.3,588,586.3,587.3,16653
1785765240000,587.3,587.9,587.1,587.5,14609
1785765420000,587.5,588.2,587.3,588.1,27355
1785765600000,588,588,586.5,586.8,31475
1785765780000,586.9,587.3,586.9,587.1,11966
1785765960000,587.1,587.1,586.6,586.8,10661
1785766140000,586.7,587.4,586.5,587.1,7946
1785766320000,587.1,587.4,586.6,586.6,10020
1785766500000,586.7,587.7,586.6,587.4,54857
1785766680000,587.3,587.5,586.6,586.7,35468
1785766860000,586.8,586.9,586.4,586.9,16241
1785767040000,586.9,588.5,586.9,588.4,17488
1785767220000,588.5,590,588.4,589.3,70691
1785767400000,589.3,590,588.8,589.1,53052
1785767580000,589.1,589.2,588.6,588.7,21645
1785767760000,588.7,589.4,588.5,588.5,102991
1785767940000,588.5,589.4,588.5,589.3,12146
1785768120000,589.3,589.4,588.9,589.1,20836
1785768300000,589,589,588.7,588.7,17016
1785768480000,588.7,589.4,588.3,588.9,25507
1785768660000,589,589.1,588.4,588.9,17399
1785768840000,589,589.5,588.9,589.1,14605
1785769020000,589.2,589.5,589.1,589.5,19653
1785769200000,589.4,590.2,589.4,590,30908
1785769380000,590.1,590.2,589.3,589.3,21761
1785769560000,589.3,589.4,589.1,589.3,10081
1785769740000,589.3,591.6,589.3,591.2,81477
1785769920000,591.2,591.3,590.7,591.2,26643
1785770100000,591.2,592.1,590.7,590.9,30612
1785770280000,590.9,591.8,590.8,591.3,14477
1785770460000,591.3,591.4,591,591.4,14756
1785770640000,591.5,592,591.5,592,118351
1785770820000,592,592.3,591.3,591.4,24509
1785771000000,591.5,592.2,591.4,591.9,18553
1785771180000,592,592.1,591.3,591.7,17498
1785771360000,591.7,592.5,591.7,592.5,29153
1785771540000,592.5,592.9,592,592.1,42264
1785771720000,592,592.5,591.3,592.5,32637
1785771900000,592.5,593.5,592.5,592.8,78277
1785772080000,592.8,593,592.6,592.7,34777
1785772260000,592.6,592.7,592.2,592.7,18752
1785772440000,592.7,592.7,591.9,591.9,22463
1785772620000,592,592.4,591.7,592.3,16208
1785772800000,592.4,592.7,592.1,592.6,39677
1785772980000,592.7,593,592.2,592.3,105052
1785773160000,592.3,592.4,591.9,592,32877
1785773340000,591.9,592.4,591.8,592.1,26022
1785773520000,592.1,592.5,592,592.5,14378
1785773700000,592.4,593.2,592.3,592.9,31360
1785773880000,592.9,593.3,592.9,593.1,25085
1785774060000,593.1,594.2,593,593.7,40774
1785774240000,593.7,594,593.6,593.7,22772
1785774420000,593.6,593.8,593.3,593.5,59487
1785774600000,593.4,593.5,592.9,593,16556
1785774780000,593,593.2,592.7,593,14108
1785774960000,593,593,592.4,592.4,6149
1785775140000,592.5,592.6,591.7,591.7,36264
1785775320000,591.8,592.4,591.5,592.4,51605
1785775500000,592.4,592.6,592.4,592.6,6125
1785775680000,592.6,592.8,592.5,592.8,7028
1785775860000,592.8,592.8,592.2,592.3,9359
1785776040000,592.3,592.3,591.9,592,3375
1785776220000,592,592.2,591.9,592.1,14300
1785776400000,592.2,592.2,591.7,592.1,17211
1785776580000,592.2,592.5,592,592.5,15294
1785776760000,592.4,593.6,592.4,593.2,85050
1785776940000,593.2,593.4,593.1,593.3,23630
1785777120000,593.3,593.6,593.1,593.1,21145
1785777300000,593.1,593.2,592.9,592.9,7258
1785777480000,593,593,592.2,592.2,3314
1785777660000,592.3,592.6,592.2,592.6,5001
1785777840000,592.6,593.2,592.1,592.1,11401
1785778020000,592.2,592.2,591.8,591.8,4439
1785778200000,591.8,591.9,591.3,591.4,4830
1785778380000,591.4,591.7,591,591.7,20333
1785778560000,591.6,592.1,591.4,591.4,14675
1785778740000,591.4,592.1,591.4,592.1,7871
1785778920000,592.1,592.4,592.1,592.3,14990
1785779100000,592.3,592.6,592.2,592.2,3872
1785779280000,592.2,592.5,592.2,592.5,4554
1785779460000,592.5,592.5,591.7,591.7,5792
1785779640000,591.7,592,591.5,592,5601
1785779820000,591.9,592,591.8,591.9,1586
1785780000000,592,592,591.8,591.8,1689
1785780180000,591.8,591.8,591.6,591.6,3671
1785780360000,591.7,591.8,591.6,591.8,6017
1785780540000,591.9,592.1,591.8,591.8,3186
1785780720000,591.9,592.4,591.8,592.4,10461
1785780900000,592.4,592.4,592.2,592.2,1722
1785781080000,592.2,592.2,591.9,592,3076
1785781260000,591.9,592,591.8,591.9,367
1785781440000,591.9,591.9,591.7,591.7,2443
1785781620000,591.6,591.6,591.3,591.5,6144
1785781800000,591.4,592,591.4,591.9,17807
1785781980000,591.9,591.9,591.3,591.4,2372
1785782160000,591.3,591.4,591.3,591.4,6991
1785782340000,591.4,591.5,591.1,591.2,2515
1785782520000,591.2,591.2,591,591.2,7124
1785782700000,591.2,591.2,590.9,591.1,4310
1785782880000,591.1,591.3,591.1,591.3,1066
1785783060000,591.3,591.5,591.2,591.4,886
1785783240000,591.5,591.5,591.5,591.5,160
1785783420000,591.5,591.5,591.2,591.3,3955
1785783600000,591.3,591.4,591.2,591.4,5028
1785783780000,591.4,591.7,591.3,591.7,7349
1785783960000,591.7,591.9,591.6,591.7,12634
1785784140000,591.7,591.9,591.6,591.9,500
1785784320000,591.9,591.9,591.7,591.7,1205
1785784500000,591.8,591.9,591.8,591.9,2824
1785784680000,591.9,591.9,591.6,591.6,2091
1785784860000,591.5,591.6,591.5,591.5,1829
1785785040000,591.6,591.7,591.6,591.7,374
1785785220000,591.7,591.9,591.6,591.7,3506
1785785400000,591.7,591.8,591.7,591.7,1448
1785785580000,591.7,592.4,591.7,592.2,20557
1785785760000,592.3,592.3,591.8,591.9,3840
1785785940000,591.8,591.9,591.5,591.9,7344
1785786120000,591.9,592,591.9,592,1629
1785786300000,592,592,591.8,591.8,2308
1785786480000,591.8,591.8,591.4,591.4,7580
1785786660000,591.5,591.7,591.5,591.7,3695
1785786840000,591.7,591.7,591.4,591.5,2592
1785787020000,591.5,591.5,591.2,591.2,1826
1785787200000,591.2,591.2,590.7,590.9,10383
1785787380000,590.9,591.1,590.8,591.1,3917
1785787560000,591.1,591.7,591.1,591.7,4928
1785787740000,591.7,591.8,591.6,591.6,11190
1785787920000,591.6,591.9,591.6,591.8,31982
1785788100000,591.8,592,591.7,592,10079
1785788280000,592,592.4,591.9,592.2,9058
1785788460000,592.2,592.2,591.8,591.9,3605
1785788640000,591.9,592,591.8,591.8,416
1785788820000,591.9,592.1,591.9,592.1,1138
1785789000000,592.2,592.2,592.1,592.1,550
1785789180000,592.2,592.3,592.2,592.3,1372
1785789360000,592.3,592.3,592.2,592.3,3272
1785789540000,592.3,592.3,592.1,592.1,4747
1785789720000,592.2,592.2,592.1,592.1,198
1785789900000,592.2,592.2,591.5,591.5,21723
1785790080000,591.6,591.6,591,591.1,6921
1785790260000,591.1,591.1,591,591,429
1785790440000,591.1,591.1,591,591,318
1785790620000,590.9,591,590.9,590.9,300
1785790800000,590.9,591,590.6,590.6,1757
1785790980000,590.5,590.6,589.9,590.1,35361
1785791160000,590.1,590.3,590.1,590.2,7396
1785791340000,590.2,590.3,589.8,589.9,28571
1785791520000,589.9,590.2,589.8,590.1,30927
1785791700000,590.2,590.3,589.8,590.1,4729
1785791880000,590,590.1,589.8,589.8,9598
1785792060000,589.8,590,589.8,590,5524
1785792240000,590.1,590.1,589.6,589.8,7284
1785792420000,589.8,589.8,589.7,589.8,92
1785792600000,589.8,589.9,589.7,589.9,915
1785792780000,589.9,590.1,589.7,590.1,3905
1785792960000,590.1,590.2,590.1,590.2,6250
1785793140000,590.3,590.3,590,590.1,3623
1785793320000,590.1,590.2,590,590.2,2970
1785793500000,590.2,590.2,590.1,590.1,179
1785793680000,590.1,590.2,590,590.1,8163
1785793860000,590.2,590.2,590.1,590.1,321
1785794040000,590.2,590.2,589.7,589.9,4351
1785794220000,590,590,589.7,589.8,1668
1785794400000,589.7,590,589.5,589.6,12594
1785794580000,589.6,589.7,589.2,589.4,13925
1785794760000,589.4,589.4,589,589.4,4909
1785794940000,589.4,589.6,589.3,589.6,990
1785795120000,589.5,589.8,589.5,589.7,7771
1785795300000,589.7,590,589.6,590,1690
1785795480000,590,590.5,590,590.2,4029
1785795660000,590.1,590.1,589.5,589.6,1091
1785795840000,589.7,589.7,589.6,589.7,1683
1785796020000,589.6,589.7,589.4,589.4,1067
1785796200000,589.5,589.5,589.3,589.3,16587
1785796380000,589.2,589.4,589.2,589.3,1620
1785796560000,589.4,589.4,589.1,589.2,4577
1785796740000,589.2,589.2,589.1,589.2,17
1785796920000,589.2,589.2,589.1,589.1,296
1785797100000,589.2,589.5,589.1,589.5,3947
1785797280000,589.5,589.7,589.4,589.7,186
1785797460000,589.7,589.9,589.6,589.9,1160
1785797640000,590,590.1,589.7,589.7,8701
1785797820000,589.7,589.8,589.6,589.6,10504
1785798000000,589.6,589.6,589.2,589.3,4307
1785798180000,589.3,589.4,589.3,589.4,583
1785798360000,589.4,589.5,589.3,589.5,1099
1785798540000,589.5,589.6,589.4,589.6,1073
1785798720000,589.6,589.6,589.4,589.5,1628
1785798900000,589.5,589.6,589.4,589.6,1153
1785799080000,589.6,589.9,589.5,589.7,15920
1785799260000,589.7,589.7,589.6,589.6,55
1785799440000,589.7,589.7,589.2,589.6,43727
1785799620000,589.7,589.7,589.6,589.7,101
1785799800000,589.7,589.7,589.2,589.3,15006
1785799980000,589.4,589.6,589.4,589.6,3299
1785800160000,589.6,589.6,589.1,589.1,7310
1785800340000,589.2,589.2,589,589.1,3428
1785800520000,589,589.2,589,589.1,4268
1785800700000,589,589.2,588.9,589.1,4644
1785800880000,589.1,589.1,588.8,588.9,4726
1785801060000,588.8,588.9,588.8,588.9,943
1785801240000,588.8,589.1,588.8,589.1,4910
1785801420000,589.1,589.1,589,589.1,1315
1785801600000,589.1,589.1,588.7,588.7,4581
1785801780000,588.7,589.5,588.7,589.5,18768
1785801960000,589.4,589.8,589.4,589.8,2887
1785802140000,589.8,590.2,589.7,589.9,24526
1785802320000,589.9,589.9,589.3,589.3,3578
1785802500000,589.3,589.3,589,589.1,6778
1785802680000,589,589.4,588.8,589.4,10321
1785802860000,589.4,589.5,589.1,589.3,3021
1785803040000,589.3,589.5,589.3,589.4,2600
1785803220000,589.4,589.5,589.1,589.5,5309
1785803400000,589.5,589.7,589.2,589.3,12369
1785803580000,589.3,589.4,588.6,588.9,5765
1785803760000,588.8,589.2,588.8,589.1,3993
1785803940000,589.1,589.4,589.1,589.1,1832
1785804120000,589.1,589.6,589.1,589.5,2219
1785804300000,589.6,589.8,589.3,589.3,5437
1785804480000,589.3,590,589.3,590,6189
1785804660000,590,590,589.1,589.1,6879
1785804840000,589.2,589.5,588.7,588.7,12554
1785805020000,588.7,588.9,588.6,588.7,17556
1785805200000,588.8,589.4,588.7,589.4,7161
1785805380000,589.3,589.5,588.8,589.5,3871
1785805560000,589.5,589.6,589.2,589.2,17396
1785805740000,589.2,589.4,589.2,589.4,5595
1785805920000,589.4,589.4,589.2,589.3,2953
1785806100000,589.3,589.6,588.8,588.9,4246
1785806280000,588.8,589.5,588.8,589.4,3196
1785806460000,589.4,589.8,589.4,589.7,1902
1785806640000,589.7,589.8,589.1,589.1,8403
1785806820000,589.2,589.5,589.2,589.5,1991
1785807000000,589.5,590.3,589.5,589.9,11979
1785807180000,589.8,591.2,589.8,590.3,7789
1785807360000,590.2,590.6,590,590.2,5321
1785807540000,590.3,592.1,590.2,591.9,20111
1785807720000,591.9,591.9,591.7,591.9,7197
1785807900000,591.9,592.1,591.6,591.6,9999
1785808080000,591.6,591.7,591.4,591.5,9651
1785808260000,591.4,592.1,591.4,591.9,12958
1785808440000,591.9,592,591.8,591.8,2680
1785808620000,591.7,591.9,591.6,591.9,2932
1785808800000,592,592.3,592,592.2,10270
1785808980000,592.1,592.1,591.5,591.5,6899
1785809160000,591.5,591.5,590.9,591,8368
1785809340000,591,591.2,590.9,590.9,8254
1785809520000,590.9,590.9,590.7,590.7,3540
1785809700000,590.8,590.9,590.6,590.6,4065
1785809880000,590.6,590.9,590.5,590.7,5310
1785810060000,590.6,590.8,590.5,590.7,8845
1785810240000,590.6,590.7,590.4,590.6,6630
1785810420000,590.6,590.7,590.6,590.6,1363
1785810600000,590.5,590.5,590.2,590.4,17974
1785810780000,590.4,591,590.4,591,4508
1785810960000,591,591.7,591,591.2,8753
1785811140000,591.2,591.3,591,591.1,1485
1785811320000,591.1,591.1,591,591.1,1234
1785811500000,591.1,591.1,590.7,590.7,377
1785811680000,590.7,590.8,590.6,590.6,2091
1785811860000,590.6,590.7,590.5,590.5,276
1785812040000,590.5,590.6,590.4,590.5,5006
1785812220000,590.5,590.9,590.5,590.8,8097
1785812400000,590.8,590.8,590.7,590.7,1271
1785812580000,590.7,591,590.7,590.9,2886
1785812760000,590.9,590.9,590.6,590.7,2554
1785812940000,590.7,590.7,590.5,590.5,2144
1785813120000,590.5,590.5,589.9,590,15075
1785813300000,590,590.4,589.9,590.3,6884
1785813480000,590.4,590.4,590.1,590.3,4610
1785813660000,590.3,590.4,590.3,590.4,4338
1785813840000,590.4,590.4,590,590.3,18446
1785814020000,590.4,590.6,590.4,590.5,1973
1785814200000,590.6,591.2,590.6,591,32587
1785814380000,591,591,590.8,591,27144
1785814560000,591.1,591.2,591,591.1,2124
1785814740000,591.2,591.2,591,591,555
1785814920000,591,591,590.9,590.9,1194
1785815100000,590.9,591,590.8,590.8,982
1785815280000,590.9,590.9,590.8,590.8,1534
1785815460000,590.9,591,590.8,590.9,2290
1785815640000,590.9,590.9,590.7,590.7,5425
1785815820000,590.7,590.8,590.5,590.5,967
1785816000000,590.5,590.6,590.5,590.6,182
1785816180000,590.5,590.6,590.4,590.4,2455
1785816360000,590.4,590.5,590.3,590.3,2212
1785816540000,590.3,590.7,590.3,590.5,5805
1785816720000,590.5,590.6,590.2,590.2,3719
1785816900000,590.2,590.5,590.2,590.4,1442
1785817080000,590.5,591,590.5,591,23065
1785817260000,591,591,590.9,590.9,66
1785817440000,590.9,591,590.9,590.9,1949
1785817620000,590.9,591.1,590.9,591.1,802
1785817800000,591,591.4,591,591.4,2776
1785817980000,591.3,591.4,591.2,591.3,1296
1785818160000,591.2,591.6,591.2,591.6,3633
1785818340000,591.6,592.1,591.6,592,7597
1785818520000,591.9,591.9,591.8,591.9,5538
1785818700000,591.9,592.8,591.8,592.4,19542
1785818880000,592.4,592.8,592.3,592.5,8564
1785819060000,592.5,592.6,592.2,592.2,6223
1785819240000,592.2,592.3,592,592.1,1998
1785819420000,592.1,592.1,591.6,591.6,3421
1785819600000,591.7,591.8,591,591.1,5074
1785819780000,591.1,591.4,591.1,591.2,4971
1785819960000,591.2,591.2,591.1,591.1,1545
1785820140000,591,591,590.8,590.8,12183
1785820320000,590.8,590.8,590,590,3386
1785820500000,590,590.1,589.9,590,16958
1785820680000,590,590.3,590,590.3,2288
1785820860000,590.2,590.3,590,590,4406
1785821040000,590,590.1,589.8,589.9,609
1785821220000,589.8,589.9,589.7,589.8,835
1785821400000,589.7,590,589.7,589.8,5635
1785821580000,589.9,589.9,589.8,589.8,594
1785821760000,589.8,589.9,589.8,589.8,3916
1785821940000,589.9,589.9,589.4,589.7,65792
1785822120000,589.7,589.9,589.7,589.8,2965
1785822300000,589.8,589.9,589.6,589.6,1222
1785822480000,589.7,589.7,589.3,589.3,4061
1785822660000,589.3,589.4,589.2,589.3,5759
1785822840000,589.2,589.3,589.2,589.2,218
1785823020000,589.2,589.3,589.2,589.3,4755
1785823200000,589.2,589.3,589,589,14393
1785823380000,589,589.3,589,589.2,5198
1785823560000,589.2,590.2,589.2,589.7,55500
1785823740000,589.8,590.2,589.8,590.1,26321
1785823920000,590.1,590.4,590,590.4,4666
1785824100000,590.3,590.4,590.2,590.2,3759
1785824280000,590.3,591.1,590.2,590.9,23451
1785824460000,590.9,591.3,590.9,591.1,16840
1785824640000,591.1,591.2,591,591.1,3323
1785824820000,591.1,591.2,590.6,590.7,12804
1785825000000,590.6,590.6,590.5,590.6,5171
1785825180000,590.6,590.7,590.6,590.7,4742
1785825360000,590.6,590.6,590.2,590.2,4820
1785825540000,590.2,590.2,589.8,590.2,16604
1785825720000,590.1,590.6,590.1,590.5,23910
1785825900000,590.5,590.6,590.3,590.3,10728
1785826080000,590.2,590.3,590.1,590.3,14110
1785826260000,590.2,590.3,590.2,590.2,398
1785826440000,590.2,590.3,590.2,590.3,2810
1785826620000,590.3,590.3,590.2,590.3,4929
1785826800000,590.3,590.4,590.1,590.2,4817
1785826980000,590.2,590.2,590.1,590.2,268
1785827160000,590.2,590.2,590.1,590.2,1564
1785827340000,590.1,590.1,589.6,589.7,8425
1785827520000,589.7,589.7,589.4,589.7,17773
1785827700000,589.7,589.7,589.4,589.6,13208
1785827880000,589.6,589.7,589.4,589.4,2521
1785828060000,589.4,589.5,589.3,589.4,4823
1785828240000,589.3,589.7,589.2,589.6,16662
1785828420000,589.6,590,589.6,589.9,4723
1785828600000,590,590.7,589.9,590.7,13913
1785828780000,590.8,590.8,590.1,590.1,7863
1785828960000,590,590.1,589.7,589.8,2921
1785829140000,589.7,590,589.5,590,5537
1785829320000,589.9,590,589.7,589.7,4297
1785829500000,589.7,590.4,589.7,590.4,4383
1785829680000,590.3,590.6,590.3,590.4,4895
1785829860000,590.3,590.4,590.3,590.3,309
1785830040000,590.3,590.6,590.3,590.3,5757
1785830220000,590.3,590.4,590.2,590.2,1364
1785830400000,590.2,590.6,590.2,590.3,8157
1785830580000,590.3,590.4,590.1,590.1,5164
1785830760000,590.1,590.1,589.5,589.5,10305
1785830940000,589.5,589.6,588.8,589,14601
1785831120000,589,589.1,589,589,178
1785831300000,589.1,589.1,588.9,589,6327
1785831480000,589,589,588.6,588.7,13662
1785831660000,588.8,589.2,588.7,589,54974
1785831840000,589,589.3,589,589.3,3831
1785832020000,589.4,589.4,589.2,589.3,2826
1785832200000,589.2,589.3,589,589.1,4985
1785832380000,589.2,589.6,589.1,589.5,8975
1785832560000,589.6,589.8,589.5,589.8,5705
1785832740000,589.7,590,589.7,589.8,18719
1785832920000,589.8,590,589.8,590,3990
1785833100000,590.1,590.1,589.7,589.8,9421
1785833280000,589.7,589.8,589.7,589.7,2599
1785833460000,589.7,589.8,589.5,589.5,3087
1785833640000,589.5,589.5,589.4,589.4,3135
1785833820000,589.4,589.8,589.4,589.7,3996
1785834000000,589.7,589.8,589.6,589.7,1790
1785834180000,589.8,589.8,589.6,589.7,2170
1785834360000,589.6,589.7,588.7,589,3835
1785834540000,588.9,588.9,588.7,588.8,7295
1785834720000,588.7,588.8,588.3,588.6,15193
1785834900000,588.5,588.7,588.5,588.5,5065
1785835080000,588.6,588.6,587.8,588.4,5460
1785835260000,588.4,588.6,588.3,588.6,2800
1785835440000,588.6,589,588.6,588.6,4712
1785835620000,588.7,588.8,588.6,588.8,1055
1785835800000,588.8,589,588.5,588.7,7887
1785835980000,588.7,588.8,588.6,588.7,2429
1785836160000,588.8,588.8,588.4,588.5,2012
1785836340000,588.5,588.7,588.5,588.6,284
1785836520000,588.6,588.7,588.6,588.6,1661
1785836700000,588.6,588.6,588.4,588.4,903
1785836880000,588.4,588.6,588.2,588.5,5662
1785837060000,588.5,588.6,588.5,588.5,1108
1785837240000,588.5,588.6,588.5,588.6,2452
1785837420000,588.6,588.7,588.6,588.7,492
1785837600000,588.7,588.8,588.5,588.5,6860
1785837780000,588.5,588.6,588.2,588.3,10401
1785837960000,588.3,588.5,588.3,588.5,5208
1785838140000,588.4,588.4,588.2,588.3,10606
1785838320000,588.3,588.4,588.2,588.3,7193
1785838500000,588.3,588.4,587.6,587.9,7724
1785838680000,587.9,588.1,587.9,588.1,11075
1785838860000,588.1,588.4,587.8,587.8,4865
1785839040000,587.8,588,587.8,587.9,3120
1785839220000,587.9,588,587.7,587.7,1005
1785839400000,587.7,587.9,587.6,587.9,6096
1785839580000,587.9,588,587.7,587.7,616
1785839760000,587.7,587.9,587.6,587.9,2972
1785839940000,588,588.5,587.9,588.5,4078
1785840120000,588.4,589.4,588.4,589.4,12836
1785840300000,589.4,590.3,589.3,589.8,47794
1785840480000,589.8,590,589.7,589.7,6677
1785840660000,589.7,589.9,589.6,589.7,7351
1785840840000,589.6,589.7,589.6,589.7,2935
1785841020000,589.8,589.8,589.6,589.6,931
1785841200000,589.6,589.8,589.6,589.7,3217
1785841380000,589.7,589.9,589.7,589.8,916
1785841560000,589.9,589.9,589.7,589.8,4069
1785841740000,589.8,589.9,589.7,589.8,1801
1785841920000,589.7,589.9,589.7,589.8,1181
1785842100000,589.7,589.8,589.6,589.7,18278
1785842280000,589.7,589.8,589.7,589.7,383
1785842460000,589.7,590.2,589.7,589.7,10260
1785842640000,589.8,589.9,589.7,589.8,6052
1785842820000,589.8,589.9,589.8,589.8,580
1785843000000,589.8,589.9,589.5,589.5,10534
1785843180000,589.5,589.6,589.4,589.5,844
1785843360000,589.4,589.5,589.3,589.3,1346
1785843540000,589.3,589.4,589.1,589.1,3409
1785843720000,589.1,590.3,589.1,590.2,20956
1785843900000,590.1,590.6,590,590.1,10433
1785844080000,590.1,590.8,590.1,590.7,21567
1785844260000,590.6,590.6,590.4,590.6,18770
1785844440000,590.6,591.3,590.6,591.3,8184
1785844620000,591.4,591.6,591.3,591.5,14052
1785844800000,591.5,591.5,590.8,590.8,9477
1785844980000,590.8,590.8,590.6,590.6,5266
1785845160000,590.6,590.7,590.6,590.7,6606
1785845340000,590.7,590.7,590.4,590.4,4388
1785845520000,590.4,590.6,590.2,590.3,25516
1785845700000,590.3,590.3,590.2,590.2,1352
1785845880000,590.2,590.2,589.9,590.1,20454
1785846060000,590,590.3,590,590.2,2821
1785846240000,590.2,590.5,590.2,590.4,3830
1785846420000,590.4,590.4,590.3,590.4,7842
1785846600000,590.4,590.6,590.2,590.3,8609
1785846780000,590.3,591.1,590.3,591,23078
1785846960000,591,591.5,590.9,591.3,20254
1785847140000,591.3,591.5,591,591,13627
1785847320000,591,591.1,590.9,591.1,7301
1785847500000,591,591.1,590.9,591.1,4218
1785847680000,591.1,591.4,591.1,591.4,1236
1785847860000,591.4,591.8,591.3,591.3,15622
1785848040000,591.3,591.5,591.3,591.4,2561
1785848220000,591.4,591.5,591.2,591.4,23208
1785848400000,591.4,591.7,591.2,591.7,20371
1785848580000,591.6,591.6,591.2,591.2,6581
1785848760000,591.2,591.3,591,591.2,8165
1785848940000,591.2,591.2,590.9,591.1,11878
1785849120000,591.1,591.1,591,591,4681
1785849300000,591,591.1,590.4,590.4,30963
1785849480000,590.4,591.4,590.1,590.9,47407
1785849660000,590.9,590.9,590.4,590.4,6974
1785849840000,590.4,590.4,590.1,590.3,14228
1785850020000,590.2,590.4,590.2,590.4,5245
1785850200000,590.4,591,589.8,590.9,47057
1785850380000,590.8,591,590.7,590.9,5946
1785850560000,590.9,591.2,590.7,590.9,6332
1785850740000,590.8,591.4,590.7,591.2,5548
1785850920000,591.3,591.4,591.2,591.3,3081
1785851100000,591.2,591.2,589.7,589.8,41279
1785851280000,589.9,590.4,589.7,589.9,56857
1785851460000,589.9,589.9,589.1,589.1,33340
1785851640000,589.2,589.2,588.4,588.5,8886
1785851820000,588.4,589,588.4,589,8527
1785852000000,588.9,589.2,588.4,588.8,32452
1785852180000,588.8,589.8,588.7,589.6,16343
1785852360000,589.5,589.6,589.1,589.1,29104
1785852540000,589.2,589.2,589,589.1,8781
1785852720000,589.1,589.8,589.1,589.8,7771
1785852900000,589.8,590.6,589.8,590.1,15036
1785853080000,590.1,590.1,589.3,589.6,8838
1785853260000,589.6,590,589.5,589.8,10162
1785853440000,589.8,590.5,589.6,590.2,27044
1785853620000,590.3,591.1,590.3,590.9,76861
1785853800000,591,591.2,590.8,591,13633
1785853980000,591,591.9,591,591.6,16578
1785854160000,591.6,592.9,591.6,592.2,39204
1785854340000,592.2,593.7,592.2,593.6,65446
1785854520000,593.6,594.4,593.4,594.4,82090
1785854700000,594.4,594.6,594,594.2,58414
1785854880000,594.2,594.2,593.4,593.7,26066
1785855060000,593.7,594.4,593.7,593.8,14264
1785855240000,593.7,593.9,593.6,593.8,8389
1785855420000,593.9,594.3,593.8,593.8,15081
1785855600000,593.9,594.3,593.8,594.2,71195
1785855780000,594.2,594.5,593.2,593.4,44964
1785855960000,593.3,594,593.1,593.2,9425
1785856140000,593.1,593.2,592.4,593,67687
1785856320000,593,593.3,593,593,9216
1785856500000,593,593.2,592.8,593,32264
1785856680000,593,593,592.7,593,18693
1785856860000,592.9,593.3,592.8,592.9,15037
1785857040000,592.8,592.8,592.6,592.8,7299
1785857220000,592.8,592.8,592.4,592.6,5053
1785857400000,592.6,592.8,591.6,591.6,50170
1785857580000,591.6,591.6,591.2,591.2,14579
1785857760000,591.1,592,591.1,592,30253
1785857940000,591.9,592.4,591.9,592.4,4981
1785858120000,592.4,593.4,592.4,593.4,5585
1785858300000,593.4,594.3,593.4,594.3,21231
1785858480000,594.3,594.5,593,593.5,13806
1785858660000,593.5,593.8,593.3,593.4,33816
1785858840000,593.4,593.4,593.1,593.1,8474
1785859020000,593.1,593.1,592.9,593,14747
1785859200000,593,594.4,592.9,594,130858
1785859380000,593.9,594.1,593.4,593.7,35828
1785859560000,593.6,593.7,593.1,593.3,25404
1785859740000,593.3,593.5,593.2,593.2,9882
1785859920000,593.2,593.3,593,593.1,3369
1785860100000,593,593.4,592.9,593.4,3789
1785860280000,593.4,593.4,593.2,593.4,1563
1785860460000,593.4,593.6,593.2,593.4,24553
1785860640000,593.4,593.5,592.9,593,1372
1785860820000,593.1,593.2,592.8,592.8,2395
1785861000000,592.7,593.2,592.6,593.2,14569
1785861180000,593.2,593.4,592.8,592.8,10475
1785861360000,592.8,592.8,592.1,592.1,4090
1785861540000,592.2,592.6,592.1,592.6,4932
1785861720000,592.6,592.6,592.4,592.4,14542
1785861900000,592.4,592.6,592.4,592.5,5641
1785862080000,592.5,593,592.2,592.2,33057
1785862260000,592.2,592.2,591.8,592,7811
1785862440000,592,592.4,592,592.4,6398
1785862620000,592.4,592.9,592.4,592.9,3454
1785862800000,592.9,593.3,592.9,593.3,13067
1785862980000,593.3,593.3,593.1,593.3,5798
1785863160000,593.2,593.8,593.2,593.8,3018
1785863340000,593.8,593.8,593,593,13747
1785863520000,592.9,593,592.9,592.9,6729
1785863700000,592.9,592.9,592.8,592.8,3298
1785863880000,592.8,592.8,592.5,592.7,6729
1785864060000,592.6,593,592.6,593,1976
1785864240000,593.1,593.1,592.4,592.6,16302
1785864420000,592.7,593.2,592.6,593.2,1930
1785864600000,593.3,593.3,592.9,593.3,4402
1785864780000,593.3,593.3,593,593.1,2160
1785864960000,593.1,593.2,593,593.1,7932
1785865140000,593.1,593.3,593.1,593.3,2666
1785865320000,593.4,593.6,593.3,593.5,2466
1785865500000,593.4,593.5,593.2,593.2,5852
1785865680000,593.1,593.1,592.3,592.3,5595
1785865860000,592.3,592.4,592,592.4,8143
1785866040000,592.4,592.5,592.2,592.5,3086
1785866220000,592.4,592.5,592.3,592.5,9866
1785866400000,592.5,593.2,592.4,593.1,10032
1785866580000,593.2,593.7,593.2,593.7,12583
1785866760000,593.7,593.8,593.4,593.6,8690
1785866940000,593.6,593.6,593.5,593.5,2157
1785867120000,593.6,594.2,593.6,594.2,13100
1785867300000,594.3,594.4,594,594.1,10195
1785867480000,594.2,594.6,594.1,594.6,17357
1785867660000,594.6,594.6,594.4,594.5,8747
1785867840000,594.6,594.7,594.5,594.6,10013
1785868020000,594.6,594.7,594.4,594.4,10938
1785868200000,594.4,594.6,594.3,594.6,11029
1785868380000,594.7,594.7,594.2,594.2,9522
1785868560000,594.2,594.2,593.7,593.8,12482
1785868740000,593.8,593.9,593.6,593.7,4096
1785868920000,593.6,593.8,593.6,593.8,2672
1785869100000,593.8,593.9,593.7,593.8,624
1785869280000,593.9,593.9,593.8,593.8,1583
1785869460000,593.9,594,593.8,594,3676
1785869640000,593.9,594,593.9,593.9,715
1785869820000,593.9,593.9,593.8,593.8,2796
1785870000000,593.7,593.8,593.7,593.8,3235
1785870180000,593.8,593.8,593.5,593.5,11309
1785870360000,593.5,593.7,593.5,593.6,1519
1785870540000,593.6,593.9,593.6,593.9,14303
1785870720000,593.9,594,593.8,593.8,1085
1785870900000,593.9,593.9,593.4,593.4,4002
1785871080000,593.5,593.5,593.3,593.3,6217
1785871260000,593.3,593.3,593,593.1,30779
1785871440000,593.1,593.4,593.1,593.3,4129
1785871620000,593.4,593.6,593.4,593.4,1641
1785871800000,593.4,593.6,593.4,593.6,2373
1785871980000,593.6,593.7,593.4,593.5,2428
1785872160000,593.5,593.9,593.4,593.9,14356
1785872340000,593.8,593.8,593.1,593.2,4639
1785872520000,593.1,593.8,593.1,593.8,7368
1785872700000,593.7,593.7,593.5,593.5,1274
1785872880000,593.6,593.8,593.5,593.7,7381
1785873060000,593.7,593.8,593.6,593.6,2739
1785873240000,593.7,593.7,593.5,593.6,2611
1785873420000,593.6,593.6,593.1,593.3,39401
1785873600000,593.4,593.4,593,593,42095
1785873780000,593.1,593.4,593.1,593.4,15777
1785873960000,593.3,593.7,593.3,593.7,13738
1785874140000,593.7,593.7,593.2,593.2,8355
1785874320000,593.3,593.4,593.2,593.4,5486
1785874500000,593.3,593.3,592.2,592.3,38665
1785874680000,592.3,592.8,592.3,592.8,9909
1785874860000,592.7,592.8,592.7,592.7,2852
1785875040000,592.8,592.8,592.7,592.7,768
1785875220000,592.8,592.8,592.6,592.6,1333
1785875400000,592.7,593.2,592.7,593,7343
1785875580000,593,593,592.8,592.9,1313
1785875760000,592.9,593.3,592.9,593.2,6757
1785875940000,593.3,594.3,593.3,594.2,26455
1785876120000,594.2,594.2,594.1,594.1,4858
1785876300000,594.2,594.2,593.8,593.8,4858
1785876480000,593.8,593.8,593.6,593.6,958
1785876660000,593.6,593.7,593.4,593.4,617
1785876840000,593.4,593.4,593.3,593.3,485
1785877020000,593.3,593.3,593.2,593.2,821
1785877200000,593.3,593.4,592.8,593.1,60181
1785877380000,593.2,593.3,593.1,593.3,2542
1785877560000,593.2,593.3,593.2,593.2,5790
1785877740000,593.3,593.3,593.2,593.2,57
1785877920000,593.2,593.3,593,593.1,5959
1785878100000,593.1,593.2,593.1,593.2,1673
1785878280000,593.1,593.2,593,593.1,3507
1785878460000,593.2,593.6,593.2,593.6,7476
1785878640000,593.6,593.6,593.5,593.6,7860
1785878820000,593.6,593.6,593.4,593.5,1407
1785879000000,593.5,593.5,593.3,593.4,1215
1785879180000,593.4,593.5,593.3,593.5,3917
1785879360000,593.5,593.6,593.5,593.5,804
1785879540000,593.5,593.6,593.5,593.6,2138
1785879720000,593.6,593.6,593.5,593.6,7248
1785879900000,593.5,593.7,593.5,593.7,578
1785880080000,593.7,593.9,593.7,593.7,2091
1785880260000,593.8,593.8,593.7,593.8,1834
1785880440000,593.8,593.8,593.7,593.8,653
1785880620000,593.8,593.8,593.7,593.7,394
1785880800000,593.7,593.8,593.2,593.3,10311
1785880980000,593.2,593.4,593,593.3,5419
1785881160000,593.3,593.4,593.3,593.4,400
1785881340000,593.3,593.7,593.3,593.7,394
1785881520000,593.7,593.7,593.7,593.7,328
1785881700000,593.7,593.7,593.6,593.6,938
1785881880000,593.7,593.9,593.6,593.9,1368
1785882060000,593.8,593.8,593.4,593.5,3139
1785882240000,593.5,593.5,593.3,593.5,10635
1785882420000,593.5,593.8,593.5,593.8,2317
1785882600000,593.7,593.9,593.7,593.8,398
1785882780000,593.9,593.9,593.7,593.7,3714
1785882960000,593.8,593.8,593.7,593.8,7030
1785883140000,593.7,593.8,593.7,593.7,1183
1785883320000,593.6,593.6,593.5,593.6,1347
1785883500000,593.5,593.6,593.4,593.4,576
1785883680000,593.4,593.4,593.4,593.4,618
1785883860000,593.3,593.3,593.2,593.2,525
1785884040000,593.3,593.4,593.3,593.4,5862
1785884220000,593.4,593.5,593.4,593.4,680
1785884400000,593.5,593.6,593.2,593.2,2193
1785884580000,593.2,593.5,593.1,593.5,2972
1785884760000,593.5,594.3,593.5,594.2,9187
1785884940000,594.2,594.2,593.9,593.9,1032
1785885120000,593.9,594.1,593.9,594,663
1785885300000,594,594.3,594,594.2,9365
1785885480000,594.3,594.3,594,594,2085
